total_kills,league_mean_kills,league,mean_total_kills_t1,mean_total_kills_t2,bet_line,bet_value,bet_status,house_odds,actual_value,impact_top_t1,impact_top_t2,impact_jung_t1,impact_jung_t2,impact_mid_t1,impact_mid_t2,impact_adc_t1,impact_adc_t2,impact_sup_t1,impact_sup_t2,won_bet,profit_bet,prob_under,aposta_vencedora,lucro_aposta,probabilidade_under,valor_esperado,recomendado_modelo
32,33.06190476190476,NLC,30.29824561403509,31.42528735632184,under,32.5,won,1.83,32.0,0.0,0.0,-2.4473084787996164,-1.0332368361565436,-0.8095983863874423,-1.234138311281054,0.0,-1.4462880706363492,-0.9659723665617116,-0.6816806276591585,1,0.8300000000000001,0.809923868082134,1,0.8300000000000001,0.809923868082134,0.4821606785903053,True
22,30.59057971014493,NACL,31.5,27.07843137254902,under,32.5,won,1.83,21.0,-0.5685724682663711,-1.155716943849221,-1.0332368361565436,0.0,-1.234138311281054,-0.8095983863874423,-0.468056459937813,-0.8113044475574895,-1.1261807448375052,-0.9659723665617116,1,0.8300000000000001,0.804181378065075,1,0.8300000000000001,0.804181378065075,0.4716519218590872,True
24,27.25563909774436,LCP,25.638297872340427,30.33333333333333,under,26.5,won,1.83,24.0,0.0,0.0,-2.0515084196455184,-1.0332368361565436,-0.8095983863874423,-1.1986585288014666,-0.913098065074376,-0.8113044475574895,-1.1261807448375052,1.7827561319782248,1,0.8300000000000001,0.7979436092628145,1,0.8300000000000001,0.7979436092628145,0.46023680495095054,True
20,27.14814814814815,LEC,26.27027027027027,28.75675675675676,under,29.5,won,1.83,20.0,-1.155716943849221,0.0,0.0,-1.0332368361565436,0.6655385399034301,-1.1986585288014666,0.0,-0.468056459937813,-1.1261807448375052,-1.078880905409381,1,0.8300000000000001,0.7963461108041991,1,0.8300000000000001,0.7963461108041991,0.45731338277168454,True
33,30.59057971014493,NACL,28.80851063829787,27.07843137254902,under,32.5,lost,1.83,33.0,-0.8659941634725179,0.0,-0.7760435577368519,0.0,0.0,0.0,0.0,0.0,-3.700805908305771,0.0,0,-1.0,0.7961803077883439,0,-1.0,0.7961803077883439,0.4570099632526694,True
27,30.07286432160804,LPL,26.4,26.88571428571429,under,25.5,lost,1.83,27.0,0.0,-0.5685724682663711,-0.6320467219229506,0.0,-0.6263770292967372,0.0,0.0,-0.913098065074376,-1.7642883932950577,-1.1261807448375052,0,-1.0,0.7866809327086413,0,-1.0,0.7866809327086413,0.4396261068568136,True
25,29.229559748427672,LFL,26.232558139534884,28.729166666666668,under,29.5,won,1.83,25.0,-1.155716943849221,0.0,-0.6320467219229506,0.0,0.0,0.0,-0.468056459937813,0.5231029362444133,-1.842584791571916,-1.078880905409381,1,0.8300000000000001,0.7757751215459711,1,0.8300000000000001,0.7757751215459711,0.4196684724291271,True
27,30.07286432160804,LPL,28.474074074074075,29.01020408163265,under,29.5,won,1.83,27.0,-0.5685724682663711,-1.155716943849221,-0.751940118689614,-0.7760435577368519,0.0,0.0,0.0,0.0,-1.7642883932950577,0.0,1,0.8300000000000001,0.7669906314105952,1,0.8300000000000001,0.7669906314105952,0.40359285548138923,True
19,33.23076923076923,ROL,30.22641509433962,32.895833333333336,under,31.5,won,1.83,19.0,0.0,0.0,-0.7760435577368519,-0.6320467219229506,-0.8095983863874423,0.0,1.0830233897470125,0.0,-3.700805908305771,-1.1261807448375052,1,0.8300000000000001,0.7422275647215582,1,0.8300000000000001,0.7422275647215582,0.3582764434404515,True
16,27.25563909774436,LCP,27.73684210526316,25.638297872340427,under,26.5,won,1.83,16.0,0.0,0.0,0.0,-0.7760435577368519,0.6655385399034301,-1.0617142411045393,0.0,0.0,-0.9659723665617116,-0.6816806276591585,1,0.8300000000000001,0.7402172539004714,1,0.8300000000000001,0.7402172539004714,0.3545975746378628,True
24,36.1413612565445,EBL,31.58620689655172,35.189655172413794,under,33.5,won,1.83,22.0,0.0,0.0,0.0,-1.0332368361565436,-0.8095983863874423,-1.1986585288014666,-1.2403757694101287,0.0,-3.700805908305771,0.4654990225793156,1,0.8300000000000001,0.732125240779054,1,0.8300000000000001,0.732125240779054,0.3397891906256689,True
30,30.59057971014493,NACL,31.32758620689655,27.07843137254902,under,28.5,lost,1.83,30.0,0.5609560677137821,0.0,0.0,-1.9946898409830425,0.0,0.0,-0.468056459937813,0.5231029362444133,-1.1261807448375052,-1.7642883932950577,0,-1.0,0.7315616438044009,0,-1.0,0.7315616438044009,0.3387578081620537,True
26,27.14814814814815,LEC,29.153846153846157,26.66304347826087,under,25.5,lost,1.83,26.0,0.0,0.0,-0.7760435577368519,0.0,-1.1986585288014666,-1.9393307422504515,-0.8113044475574895,-0.913098065074376,-0.9659723665617116,1.7827561319782248,0,-1.0,0.7287791428671451,0,-1.0,0.7287791428671451,0.33366583144687556,True
29,28.83148148148148,LCK,29.76068376068376,28.091603053435115,under,29.5,won,1.83,29.0,-1.5721442954792302,0.0,0.0,0.0,-1.0617142411045393,0.0,-0.8113044475574895,-1.2403757694101287,-0.6816806276591585,-1.1261807448375052,1,0.8300000000000001,0.7273278125946051,1,0.8300000000000001,0.7273278125946051,0.33100989704812744,True
19,27.25563909774436,LCP,27.753846153846155,30.5,under,25.5,won,1.83,19.0,0.5609560677137821,0.0,-1.0332368361565436,-0.7760435577368519,-1.234138311281054,0.0,0.0,-1.0421821869666132,-1.7642883932950577,0.0,1,0.8300000000000001,0.7226621853419001,1,0.8300000000000001,0.7226621853419001,0.32247179917567714,True
13,30.59057971014493,NACL,31.5,27.07843137254902,under,32.5,won,1.83,13.0,-1.5721442954792302,0.0,0.0,-0.64039106873566,0.0,0.6655385399034301,0.0,0.0,-2.2426813296105834,-0.6816806276591585,1,0.8300000000000001,0.7224524555315507,1,0.8300000000000001,0.7224524555315507,0.32208799362273777,True
21,27.14814814814815,LEC,26.5,30.5,under,25.5,won,1.83,21.0,0.0,0.0,-0.64039106873566,-1.0332368361565436,-0.8095983863874423,-1.1986585288014666,-0.913098065074376,-0.468056459937813,-1.1261807448375052,1.7827561319782248,1,0.8300000000000001,0.7217130071698606,1,0.8300000000000001,0.7217130071698606,0.320734803120845,True
21,29.229559748427672,LFL,25.97647058823529,26.232558139534884,under,27.5,won,1.83,21.0,0.0,0.0,0.0,0.0,0.0,0.0,-1.0421821869666132,0.5231029362444133,0.0,-2.2426813296105834,1,0.8300000000000001,0.7138758869489455,1,0.8300000000000001,0.7138758869489455,0.3063928731165704,True
34,29.229559748427672,LFL,28.729166666666668,29.44155844155844,under,31.5,lost,1.83,34.0,0.0,0.0,0.0,-0.6320467219229506,0.6655385399034301,-1.0617142411045393,-0.913098065074376,0.5231029362444133,-1.1261807448375052,-1.078880905409381,0,-1.0,0.7137478210295861,0,-1.0,0.7137478210295861,0.3061585124841426,True
22,30.07286432160804,LPL,29.01020408163265,26.4,under,27.5,won,1.83,22.0,0.5609560677137821,0.0,0.0,0.0,-0.8095983863874423,-1.0617142411045393,0.0,-0.913098065074376,-0.9659723665617116,-1.1261807448375052,1,0.8300000000000001,0.7100707202440867,1,0.8300000000000001,0.7100707202440867,0.29942941804667866,True
17,27.25563909774436,LCP,27.73684210526316,25.638297872340427,under,26.5,won,1.83,17.0,-1.155716943849221,0.0,-1.0332368361565436,1.0984264443831435,-1.1986585288014666,0.0,0.0,-0.468056459937813,0.0,-1.057365285027263,1,0.8300000000000001,0.708684125314308,1,0.8300000000000001,0.708684125314308,0.2968919493251837,True
26,27.14814814814815,LEC,27.19298245614035,29.153846153846157,under,30.5,won,1.83,26.0,0.0,-1.155716943849221,-0.64039106873566,-1.0332368361565436,-0.8095983863874423,0.0,0.5231029362444133,0.0,0.4654990225793156,-0.9659723665617116,1,0.8300000000000001,0.7066865892036596,1,0.8300000000000001,0.7066865892036596,0.29323645824269706,True
14,27.14814814814815,LEC,26.27027027027027,25.39,under,22.5,won,1.83,14.0,0.0,0.0,0.0,-1.9946898409830425,0.0,1.2815801036603958,0.0,-0.468056459937813,0.0,-1.078880905409381,1,0.8300000000000001,0.7051527553698114,1,0.8300000000000001,0.7051527553698114,0.2904295423267549,True
35,29.229559748427672,LFL,25.97647058823529,29.26086956521739,under,28.5,lost,1.83,35.0,-1.155716943849221,0.0,0.0,0.0,0.0,0.0,-0.468056459937813,0.0,-1.057365285027263,-0.6816806276591585,0,-1.0,0.7048449455035345,0,-1.0,0.7048449455035345,0.2898662502714682,True
17,27.14814814814815,LEC,27.19298245614035,29.153846153846157,under,30.5,won,1.83,17.0,0.0,0.5609560677137821,-0.6320467219229506,-0.7760435577368519,-0.6263770292967372,0.0,0.9020397066897204,-0.8113044475574895,-1.078880905409381,-1.1261807448375052,1,0.8300000000000001,0.698958604765921,1,0.8300000000000001,0.698958604765921,0.2790942467216354,True
26,30.07286432160804,LPL,29.01020408163265,30.82258064516129,under,28.5,won,1.83,26.0,0.0,0.5609560677137821,-0.6320467219229506,-1.0332368361565436,0.0,-1.1986585288014666,0.0,0.9020397066897204,-0.6816806276591585,-1.1261807448375052,1,0.8300000000000001,0.6956306967397681,1,0.8300000000000001,0.6956306967397681,0.2730041750337756,True
20,33.06190476190476,NLC,29.694444444444443,30.6,under,32.5,won,1.83,20.0,-1.155716943849221,-1.5721442954792302,-0.7760435577368519,-0.6320467219229506,0.6655385399034301,-0.8095983863874423,-0.468056459937813,0.9020397066897204,1.120551452057974,-0.6816806276591585,1,0.8300000000000001,0.6921162220571017,1,0.8300000000000001,0.6921162220571017,0.26657268636449605,True
35,36.1413612565445,EBL,31.58620689655172,30.5,under,34.5,won,1.83,30.0,0.0,-1.155716943849221,-0.6320467219229506,-0.7760435577368519,-0.8095983863874423,0.0,0.0,-1.4326523672446747,-1.078880905409381,0.0,1,0.8300000000000001,0.6895204178168065,1,0.8300000000000001,0.6895204178168065,0.26182236460475594,True
27,29.229559748427672,LFL,25.97647058823529,29.155555555555555,under,29.5,won,1.83,26.0,0.0,0.0,-0.6320467219229506,0.0,0.0,0.0,-1.4326523672446747,0.0,0.0,-1.1261807448375052,1,0.8300000000000001,0.6877897850668234,1,0.8300000000000001,0.6877897850668234,0.25865530667228687,True
25,29.229559748427672,LFL,29.57943925233645,25.97647058823529,under,30.5,won,1.83,25.0,0.0,0.0,-0.6320467219229506,-0.7760435577368519,-0.8095983863874423,0.6655385399034301,0.0,0.9020397066897204,-0.6816806276591585,-1.078880905409381,1,0.8300000000000001,0.6873543013609821,1,0.8300000000000001,0.6873543013609821,0.2578583714905972,True
25,28.83148148148148,LCK,28.091603053435115,26.92079207920792,under,29.5,won,1.83,25.0,-1.5721442954792302,0.5609560677137821,-0.7760435577368519,-0.6320467219229506,0.6655385399034301,0.0,-1.2403757694101287,0.9020397066897204,-1.1261807448375052,1.7827561319782248,1,0.8300000000000001,0.6866996988541362,1,0.8300000000000001,0.6866996988541362,0.25666044890306927,True
31,29.229559748427672,LFL,29.44155844155844,30.5,under,30.5,lost,1.83,31.0,-0.5685724682663711,0.0,0.0,-0.7760435577368519,0.0,0.0,0.0,-1.4326523672446747,-1.078880905409381,-1.1261807448375052,0,-1.0,0.6848211369568548,0,-1.0,0.6848211369568548,0.25322268063104425,True
24,30.07286432160804,LPL,31.526946107784436,28.48175182481752,under,30.5,won,1.83,24.0,-0.5685724682663711,-1.155716943849221,-0.64039106873566,0.0,-0.8095983863874423,0.0,0.0,-0.913098065074376,0.0,-1.1261807448375052,1,0.8300000000000001,0.6846161587454672,1,0.8300000000000001,0.6846161587454672,0.25284757050420503,True
32,27.14814814814815,LEC,26.66304347826087,28.75675675675676,under,25.5,lost,1.83,31.0,0.0,0.0,0.0,-0.7760435577368519,0.0,0.0,-0.913098065074376,-0.8113044475574895,-1.1261807448375052,0.4654990225793156,0,-1.0,0.6802268959984413,0,-1.0,0.6802268959984413,0.2448152196771477,True
40,28.83148148148148,LCK,29.335714285714285,30.272058823529413,under,30.5,lost,1.83,40.0,0.0,-1.155716943849221,-1.0332368361565436,-0.6320467219229506,-0.8095983863874423,0.6655385399034301,0.0,-0.8113044475574895,-0.6816806276591585,0.0,0,-1.0,0.6787573477935844,0,-1.0,0.6787573477935844,0.2421259464622596,True
19,27.25563909774436,LCP,25.638297872340427,30.33333333333333,under,26.5,won,1.83,19.0,-1.155716943849221,0.0,-0.7760435577368519,-0.6320467219229506,0.0,0.0,0.7520050888007717,0.0,0.4654990225793156,-0.9659723665617116,1,0.8300000000000001,0.6779100928603524,1,0.8300000000000001,0.6779100928603524,0.240575469934445,True
31,27.25563909774436,LCP,26.557692307692307,27.753846153846155,under,26.5,lost,1.83,31.0,0.0,0.0,-0.6320467219229506,0.0,0.0,-0.8095983863874423,0.9020397066897204,0.7520050888007717,-1.078880905409381,0.0,0,-1.0,0.6761530560862882,0,-1.0,0.6761530560862882,0.23736009263790736,True
31,31.37037037037037,CD,33.170212765957444,29.923076923076923,under,31.5,won,1.83,31.0,0.0,0.0,-2.0515084196455184,-0.6320467219229506,0.0,0.0,-0.8113044475574895,0.0,-0.6816806276591585,0.0,1,0.8300000000000001,0.6705224085476307,1,0.8300000000000001,0.6705224085476307,0.22705600764216416,True
21,28.83148148148148,LCK,27.80434782608696,29.335714285714285,under,30.5,won,1.83,21.0,0.0,0.0,-0.7760435577368519,-0.6320467219229506,-1.0617142411045393,0.0,-0.8113044475574895,0.9020397066897204,0.4654990225793156,-1.078880905409381,1,0.8300000000000001,0.6698453289620223,1,0.8300000000000001,0.6698453289620223,0.2258169520005009,True
19,27.25563909774436,LCP,27.753846153846155,25.638297872340427,under,24.5,won,1.83,19.0,-0.5685724682663711,0.0,-2.4473084787996164,0.8434335133614894,-1.234138311281054,0.0,0.0,-0.468056459937813,1.120551452057974,0.4654990225793156,1,0.8300000000000001,0.6690287856731318,1,0.8300000000000001,0.6690287856731318,0.22432267778183135,True
17,29.229559748427672,LFL,26.232558139534884,29.57943925233645,under,28.5,won,1.83,17.0,0.0,0.0,-0.7760435577368519,-0.6320467219229506,1.2815801036603958,0.0,0.0,0.0,-2.2426813296105834,1.563734720205872,1,0.8300000000000001,0.666503266810246,1,0.8300000000000001,0.666503266810246,0.21970097826275015,True
18,27.25563909774436,LCP,26.91489361702128,27.753846153846155,under,25.5,won,1.83,18.0,0.0,0.5609560677137821,0.0,-0.6320467219229506,0.0,-0.8095983863874423,0.0,-0.8113044475574895,0.0,-0.6816806276591585,1,0.8300000000000001,0.663223390946036,1,0.8300000000000001,0.663223390946036,0.21369880543124586,True
22,27.25563909774436,LCP,27.753846153846155,30.5,under,25.5,won,1.83,22.0,-0.5685724682663711,-1.5721442954792302,1.256750867247696,0.0,0.0,0.0,-0.913098065074376,0.0,-1.1261807448375052,-0.6816806276591585,1,0.8300000000000001,0.6555144821138116,1,0.8300000000000001,0.6555144821138116,0.19959150226827527,True
22,29.229559748427672,LFL,30.516129032258064,29.44155844155844,under,33.5,won,1.83,22.0,0.5609560677137821,0.0,0.0,-0.7760435577368519,0.0,-0.8095983863874423,0.0,0.0,-0.9659723665617116,-1.1261807448375052,1,0.8300000000000001,0.655410661924386,1,0.8300000000000001,0.655410661924386,0.19940151132162642,True
32,28.83148148148148,LCK,30.842508710801393,30.5,under,30.5,lost,1.83,32.0,0.0,0.0,0.0,-0.7760435577368519,0.0,-1.0617142411045393,-0.913098065074376,0.5231029362444133,-1.1261807448375052,0.0,0,-1.0,0.6546202021874432,0,-1.0,0.6546202021874432,0.1979549700030211,True
34,33.06190476190476,NLC,31.42528735632184,30.29824561403509,under,30.5,lost,1.83,34.0,-0.5685724682663711,0.0,-1.9946898409830425,1.0984264443831435,0.0,0.0,0.0,-1.4326523672446747,-0.6816806276591585,-0.9659723665617116,0,-1.0,0.6523433794752694,0,-1.0,0.6523433794752694,0.1937883844397431,True
12,29.229559748427672,LFL,25.97647058823529,29.155555555555555,under,29.5,won,1.83,12.0,0.0,0.0,-1.9946898409830425,-0.7760435577368519,0.0,-0.8095983863874423,0.5231029362444133,0.9020397066897204,0.4654990225793156,1.7827561319782248,1,0.8300000000000001,0.6485167828212548,1,0.8300000000000001,0.6485167828212548,0.18678571256289633,True
29,27.14814814814815,LEC,25.46296296296296,28.75675675675676,under,28.5,lost,1.83,29.0,0.0,0.0,-0.64039106873566,1.256750867247696,0.0,-1.0617142411045393,0.0,0.0,0.0,-0.9659723665617116,0,-1.0,0.6434449144935098,0,-1.0,0.6434449144935098,0.17750419352312308,True
27,30.07286432160804,LPL,28.474074074074075,29.01020408163265,under,29.5,won,1.83,27.0,0.0,-1.5721442954792302,0.0,1.256750867247696,0.6655385399034301,0.0,-0.913098065074376,-0.468056459937813,-1.1261807448375052,-0.6816806276591585,1,0.8300000000000001,0.6425749340793778,1,0.8300000000000001,0.6425749340793778,0.17591212936526146,True
25,27.14814814814815,LEC,25.46296296296296,28.75675675675676,under,28.5,won,1.83,25.0,-1.155716943849221,0.5609560677137821,0.0,-0.7760435577368519,0.6655385399034301,0.0,0.0,0.0,0.4654990225793156,-0.6816806276591585,1,0.8300000000000001,0.6399353133400718,1,0.8300000000000001,0.6399353133400718,0.17108162341233146,True
31,31.37037037037037,CD,32.355932203389834,27.711111111111112,under,31.5,won,1.83,31.0,0.5609560677137821,-1.155716943849221,-0.7760435577368519,0.0,0.0,0.0,-0.913098065074376,0.0,-1.1261807448375052,0.4654990225793156,1,0.8300000000000001,0.6398902635877254,1,0.8300000000000001,0.6398902635877254,0.17099918236553746,True
29,33.0375,TCL,32.64556962025316,29.928571428571427,under,32.5,won,1.83,29.0,0.0,0.0,0.0,-0.6320467219229506,0.0,-1.0617142411045393,0.0,0.7520050888007717,-0.9659723665617116,-1.078880905409381,1,0.8300000000000001,0.6371169516676627,1,0.8300000000000001,0.6371169516676627,0.16592402155182273,True
26,29.229559748427672,LFL,26.232558139534884,28.729166666666668,under,29.5,won,1.83,26.0,0.0,0.0,0.0,0.0,0.6655385399034301,-0.6263770292967372,0.0,0.0,-2.2426813296105834,1.7827561319782248,1,0.8300000000000001,0.6347972630077421,1,0.8300000000000001,0.6347972630077421,0.16167899130416807,True
43,28.83148148148148,LCK,29.48958333333333,30.847619047619048,under,31.5,lost,1.83,43.0,0.5609560677137821,0.0,0.0,-0.7760435577368519,-1.1986585288014666,0.0,0.0,0.0,-2.2426813296105834,0.4654990225793156,0,-1.0,0.6344865113003031,0,-1.0,0.6344865113003031,0.1611103156795547,True
33,28.83148148148148,LCK,30.842508710801393,30.5,under,31.5,won,1.83,22.0,0.0,0.0,-1.9946898409830425,0.0,0.6655385399034301,0.0,0.0,0.0,0.0,-1.1261807448375052,1,0.8300000000000001,0.6341100094786875,1,0.8300000000000001,0.6341100094786875,0.16042131734599807,True
35,33.15511551155115,PRM,32.34375,30.884615384615383,under,33.5,lost,1.83,35.0,-1.155716943849221,-0.8659941634725179,1.0984264443831435,-0.7760435577368519,-0.8095983863874423,-1.0617142411045393,0.0,-0.468056459937813,-0.9659723665617116,0.4654990225793156,0,-1.0,0.6291750907983515,0,-1.0,0.6291750907983515,0.15139041616098337,True
32,27.14814814814815,LEC,29.3,25.46296296296296,under,24.5,lost,1.83,31.0,0.5609560677137821,0.0,0.0,0.0,0.0,0.6655385399034301,-0.913098065074376,0.0,-1.1261807448375052,-0.6816806276591585,0,-1.0,0.629026605302711,0,-1.0,0.629026605302711,0.1511186877039612,True
29,30.59057971014493,NACL,31.32758620689655,28.80851063829787,under,30.5,won,1.83,29.0,-0.5685724682663711,0.0,0.0,0.0,0.6655385399034301,-0.8095983863874423,0.9020397066897204,0.0,-1.1261807448375052,-1.057365285027263,1,0.8300000000000001,0.6280958128451481,1,0.8300000000000001,0.6280958128451481,0.14941533750662117,True
25,27.25563909774436,LCP,26.557692307692307,27.753846153846155,under,26.5,won,1.83,25.0,0.0,0.0,-0.7760435577368519,1.256750867247696,0.0,-1.0617142411045393,0.0,0.0,0.4654990225793156,-0.9659723665617116,1,0.8300000000000001,0.627505734827731,1,0.8300000000000001,0.627505734827731,0.14833549473474772,True
22,28.83148148148148,LCK,30.842508710801393,30.5,under,32.5,won,1.83,22.0,0.0,0.0,0.0,-0.6320467219229506,0.6655385399034301,0.0,-0.913098065074376,-0.8113044475574895,-1.1261807448375052,-0.6816806276591585,1,0.8300000000000001,0.6273769431817292,1,0.8300000000000001,0.6273769431817292,0.14809980602256445,True
30,27.14814814814815,LEC,27.384615384615383,26.66304347826087,under,27.5,lost,1.83,30.0,0.5609560677137821,0.0,0.0,0.0,0.0,0.0,-0.468056459937813,-0.913098065074376,-1.1261807448375052,0.4654990225793156,0,-1.0,0.6263298964137513,0,-1.0,0.6263298964137513,0.14618371043716483,True
44,27.809278350515463,LTA S,28.980392156862745,28.76315789473684,under,28.5,lost,1.83,44.0,0.5609560677137821,-1.155716943849221,0.0,-0.7760435577368519,-0.6263770292967372,0.0,0.0,-0.468056459937813,0.4654990225793156,-0.6816806276591585,0,-1.0,0.6258053905167469,0,-1.0,0.6258053905167469,0.14522386464564685,True
30,33.15511551155115,PRM,30.884615384615383,32.787234042553195,under,32.5,won,1.83,30.0,0.0,-1.155716943849221,-0.7760435577368519,0.8434335133614894,-1.9393307422504515,0.0,0.7520050888007717,-0.8113044475574895,-0.9659723665617116,-1.1261807448375052,1,0.8300000000000001,0.623347845055651,1,0.8300000000000001,0.623347845055651,0.1407265564518414,True
32,30.59057971014493,NACL,31.32758620689655,33.285714285714285,under,29.5,lost,1.83,32.0,0.0,0.0,-1.0332368361565436,-0.6320467219229506,-1.234138311281054,0.0,0.9020397066897204,0.7520050888007717,-1.1261807448375052,-1.057365285027263,0,-1.0,0.621419533600316,0,-1.0,0.621419533600316,0.1371977464885783,True
21,31.37037037037037,CD,30.81132075471698,30.115384615384617,under,28.5,won,1.83,21.0,0.0,0.0,0.0,-0.64039106873566,0.0,-0.8095983863874423,0.0,0.0,-1.078880905409381,0.0,1,0.8300000000000001,0.6210954386398242,1,0.8300000000000001,0.6210954386398242,0.1366046527108783,True
29,30.07286432160804,LPL,31.208695652173912,31.733766233766232,under,31.5,won,1.83,29.0,-1.155716943849221,0.0,-0.7760435577368519,0.0,-1.0617142411045393,0.6655385399034301,0.0,0.0,-0.6816806276591585,-0.9659723665617116,1,0.8300000000000001,0.6169873211587804,1,0.8300000000000001,0.6169873211587804,0.1290867977205682,True
32,29.229559748427672,LFL,29.57943925233645,25.97647058823529,under,30.5,lost,1.83,32.0,0.5609560677137821,-1.155716943849221,0.0,0.0,0.0,0.0,0.0,0.0,0.4654990225793156,-1.1261807448375052,0,-1.0,0.6143678811754202,0,-1.0,0.6143678811754202,0.12429322255101893,True
22,28.83148148148148,LCK,30.842508710801393,30.5,under,31.5,won,1.83,22.0,-1.155716943849221,0.5609560677137821,0.0,0.0,0.0,0.0,0.5231029362444133,-0.8113044475574895,-0.6816806276591585,-1.842584791571916,1,0.8300000000000001,0.6134278382707453,1,0.8300000000000001,0.6134278382707453,0.12257294403546393,True
11,30.07286432160804,LPL,31.225225225225227,26.88571428571429,under,28.5,won,1.83,11.0,0.0,-1.5721442954792302,1.0984264443831435,0.0,0.0,-0.6263770292967372,0.7520050888007717,0.9020397066897204,-0.6816806276591585,-1.1261807448375052,1,0.8300000000000001,0.6133230830527563,1,0.8300000000000001,0.6133230830527563,0.1223812419865441,True
40,30.12878787878788,LVP SL,29.692307692307693,31.34090909090909,under,32.5,lost,1.83,40.0,0.0,-0.5685724682663711,0.0,-0.64039106873566,0.6655385399034301,-1.1986585288014666,-0.468056459937813,0.7520050888007717,-1.1261807448375052,1.120551452057974,0,-1.0,0.6127297417254012,0,-1.0,0.6127297417254012,0.12129542735748422,True
19,30.07286432160804,LPL,26.88571428571429,29.01020408163265,under,27.5,won,1.83,19.0,0.0,0.5609560677137821,0.0,0.0,0.6655385399034301,0.0,-0.468056459937813,0.0,-0.9659723665617116,-0.6816806276591585,1,0.8300000000000001,0.6123099753195846,1,0.8300000000000001,0.6123099753195846,0.12052725483483995,True
30,27.14814814814815,LEC,26.66304347826087,28.75675675675676,under,25.5,lost,1.83,30.0,0.0,0.0,1.256750867247696,0.0,-1.1986585288014666,-1.234138311281054,0.0,0.0,-0.6816806276591585,0.0,0,-1.0,0.6122040358864203,0,-1.0,0.6122040358864203,0.12033338567214913,True
31,33.23076923076923,ROL,35.160714285714285,30.5,under,34.5,won,1.83,26.0,-0.8659941634725179,0.0,-1.9946898409830425,-0.7760435577368519,0.0,0.0,-0.8113044475574895,0.0,-0.6816806276591585,1.7827561319782248,1,0.8300000000000001,0.6088304563238289,1,0.8300000000000001,0.6088304563238289,0.11415973507260702,True
13,29.229559748427672,LFL,25.97647058823529,29.155555555555555,under,28.5,won,1.83,13.0,0.0,2.6805826776629686,-1.0332368361565436,-0.7760435577368519,-1.234138311281054,0.0,0.0,0.0,-0.9659723665617116,0.4654990225793156,1,0.8300000000000001,0.6087449618876429,1,0.8300000000000001,0.6087449618876429,0.11400328025438666,True
23,29.229559748427672,LFL,29.26086956521739,26.232558139534884,under,32.5,won,1.83,23.0,0.0,-1.5721442954792302,-0.7760435577368519,-0.64039106873566,-0.8095983863874423,0.0,0.0,0.0,1.120551452057974,1.7827561319782248,1,0.8300000000000001,0.6045275176212815,1,0.8300000000000001,0.6045275176212815,0.10628535724694521,True
20,29.229559748427672,LFL,29.26086956521739,26.232558139534884,under,32.5,won,1.83,20.0,0.0,0.0,1.256750867247696,0.0,0.0,0.6655385399034301,0.0,0.0,-1.078880905409381,-2.2426813296105834,1,0.8300000000000001,0.6033097977634502,1,0.8300000000000001,0.6033097977634502,0.1040569299071139,True
19,27.14814814814815,LEC,26.27027027027027,25.39,under,22.5,won,1.83,19.0,0.0,0.0,-0.6320467219229506,1.0984264443831435,0.0,-1.0617142411045393,0.5231029362444133,-0.913098065074376,1.7827561319782248,-1.1261807448375052,1,0.8300000000000001,0.6023324188964967,1,0.8300000000000001,0.6023324188964967,0.10226832658058899,True
32,27.25563909774436,LCP,26.91489361702128,27.753846153846155,under,25.5,lost,1.9,32.0,0.5609560677137821,0.0,-1.0332368361565436,0.0,-1.30008110300081,0.6655385399034301,0.0,-1.0421821869666132,1.7827561319782248,-1.842584791571916,0,-1.0,0.6022351378412698,0,-1.0,0.6022351378412698,0.10209030224952381,True
44,28.83148148148148,LCK,30.842508710801393,28.091603053435115,under,31.5,lost,1.83,44.0,-1.155716943849221,0.0,0.0,1.0984264443831435,0.6655385399034301,0.0,0.0,-1.2403757694101287,0.0,-2.2426813296105834,0,-1.0,0.6016955329725511,0,-1.0,0.6016955329725511,0.1011028253397685,True
20,27.14814814814815,LEC,29.3,26.27027027027027,under,29.5,won,1.83,20.0,0.0,0.5609560677137821,-0.7760435577368519,-0.6320467219229506,0.0,-0.8095983863874423,-1.4326523672446747,0.5231029362444133,0.4654990225793156,1.7827561319782248,1,0.8300000000000001,0.6002708033211414,1,0.8300000000000001,0.6002708033211414,0.09849557007768872,True
24,27.14814814814815,LEC,27.19298245614035,27.384615384615383,under,28.5,won,1.83,24.0,0.0,-1.155716943849221,0.0,1.256750867247696,-1.0617142411045393,0.0,-1.4326523672446747,0.0,0.4654990225793156,0.0,1,0.8300000000000001,0.5984616694820085,1,0.8300000000000001,0.5984616694820085,0.09518485515207564,False
35,27.14814814814815,LEC,27.19298245614035,27.384615384615383,under,28.5,lost,1.83,35.0,0.0,0.0,-0.6320467219229506,1.0984264443831435,0.0,0.0,0.0,-0.468056459937813,-0.6816806276591585,0.0,0,-1.0,0.5975693530167486,0,-1.0,0.5975693530167486,0.09355191602065005,False
25,30.59057971014493,NACL,31.32758620689655,31.08888888888889,under,33.5,won,1.83,25.0,0.0,0.0,-1.0332368361565436,-0.6320467219229506,0.0,0.0,0.0,0.5231029362444133,-1.1261807448375052,0.4654990225793156,1,0.8300000000000001,0.5973400235969869,1,0.8300000000000001,0.5973400235969869,0.09313224318248609,False
26,27.14814814814815,LEC,29.153846153846157,26.66304347826087,under,25.5,won,1.83,25.0,0.0,0.5609560677137821,1.256750867247696,-1.9946898409830425,0.0,0.0,0.5231029362444133,0.0,-1.1261807448375052,0.4654990225793156,1,0.8300000000000001,0.5960541363688898,1,0.8300000000000001,0.5960541363688898,0.09077906955506843,False
35,33.23076923076923,ROL,31.301369863013697,35.46,under,33.5,lost,1.83,35.0,-1.5721442954792302,0.0,0.0,-0.6320467219229506,0.0,-1.0617142411045393,0.0,-2.378273094861868,0.0,0.0,0,-1.0,0.5960343725090916,0,-1.0,0.5960343725090916,0.09074290169163773,False
21,30.12878787878788,LVP SL,30.9811320754717,27.176470588235293,under,32.5,won,1.83,21.0,0.0,0.0,0.0,0.0,0.0,0.0,0.0,0.9020397066897204,-0.6816806276591585,-1.078880905409381,1,0.8300000000000001,0.595409447996854,1,0.8300000000000001,0.595409447996854,0.08959928983424292,False
18,30.12878787878788,LVP SL,28.45833333333333,31.548076923076923,under,32.5,won,1.83,18.0,0.0,-0.8659941634725179,0.0,-1.0332368361565436,0.0,0.0,0.7520050888007717,-0.468056459937813,-1.078880905409381,1.120551452057974,1,0.8300000000000001,0.5936403826382035,1,0.8300000000000001,0.5936403826382035,0.08636190022791246,False
25,31.37037037037037,CD,29.923076923076923,30.115384615384617,under,31.5,won,1.83,25.0,0.5609560677137821,1.2452748960137257,-0.64039106873566,-0.751940118689614,-1.1986585288014666,0.0,-0.468056459937813,0.0,-1.078880905409381,0.0,1,0.8300000000000001,0.5932764453032269,1,0.8300000000000001,0.5932764453032269,0.0856958949049052,False
23,30.07286432160804,LPL,29.2,36.266666666666666,under,33.5,won,1.83,23.0,0.0,-1.5721442954792302,-0.7760435577368519,0.8434335133614894,0.0,-1.0617142411045393,0.0,0.0,-2.2426813296105834,1.7827561319782248,1,0.8300000000000001,0.5932555405392672,1,0.8300000000000001,0.5932555405392672,0.08565763918685904,False
20,27.809278350515463,LTA S,28.980392156862745,28.76315789473684,under,28.5,won,1.83,20.0,0.0,0.0,0.0,0.0,-0.8095983863874423,0.6655385399034301,-0.913098065074376,0.7520050888007717,-1.1261807448375052,0.0,1,0.8300000000000001,0.5897416354260328,1,0.8300000000000001,0.5897416354260328,0.07922719282963997,False
25,27.82010582010582,LTA N,29.026315789473685,27.444444444444443,under,27.5,won,1.83,25.0,0.0,0.5609560677137821,1.256750867247696,-0.751940118689614,0.0,-1.0617142411045393,0.7520050888007717,0.9020397066897204,-0.6816806276591585,-0.9659723665617116,1,0.8300000000000001,0.5883974046605154,1,0.8300000000000001,0.5883974046605154,0.07676725052874317,False
27,36.1413612565445,EBL,31.58620689655172,30.5,under,35.5,won,1.83,27.0,0.0,0.0,0.0,0.0,0.0,0.0,0.0,0.0,0.0,-2.845292250621597,1,0.8300000000000001,0.5881493114587153,1,0.8300000000000001,0.5881493114587153,0.07631323996944905,False
19,29.229559748427672,LFL,25.97647058823529,29.155555555555555,under,28.5,won,1.83,19.0,0.5609560677137821,0.0,0.0,-0.751940118689614,0.0,0.0,-0.468056459937813,0.0,-1.1261807448375052,1.7827561319782248,1,0.8300000000000001,0.5876929972080961,1,0.8300000000000001,0.5876929972080961,0.07547818489081587,False
32,28.83148148148148,LCK,27.80434782608696,29.335714285714285,under,30.5,lost,1.83,32.0,0.0,0.5609560677137821,0.0,1.0984264443831435,0.0,0.0,0.0,0.0,-1.1261807448375052,-1.7642883932950577,0,-1.0,0.5861273645460184,0,-1.0,0.5861273645460184,0.07261307711921378,False
21,30.07286432160804,LPL,26.88571428571429,29.01020408163265,under,27.5,won,1.83,21.0,-1.155716943849221,-0.8659941634725179,0.0,-0.7760435577368519,-1.0617142411045393,0.0,0.0,-0.8113044475574895,1.7827561319782248,1.120551452057974,1,0.8300000000000001,0.5861059342599467,1,0.8300000000000001,0.5861059342599467,0.07257385969570257,False
29,34.5625,RL,34.69892473118279,33.11940298507463,under,34.5,won,1.83,29.0,0.0,0.0,-0.6320467219229506,-0.7760435577368519,-0.6263770292967372,0.0,0.0,0.0,-1.057365285027263,-1.1261807448375052,1,0.8300000000000001,0.585263176484918,1,0.8300000000000001,0.585263176484918,0.07103161296739996,False
27,31.37037037037037,CD,30.115384615384617,27.711111111111112,under,27.5,won,1.83,27.0,0.0,0.0,-0.7760435577368519,-0.6320467219229506,0.6655385399034301,0.0,0.7520050888007717,0.0,0.4654990225793156,-0.6816806276591585,1,0.8300000000000001,0.5843875964677229,1,0.8300000000000001,0.5843875964677229,0.06942930153593291,False
55,28.83148148148148,LCK,30.842508710801393,30.5,under,30.5,lost,1.83,32.0,0.5609560677137821,0.0,1.0984264443831435,0.0,0.0,0.0,-1.2403757694101287,-0.8113044475574895,-2.2426813296105834,-0.6816806276591585,0,-1.0,0.5835307034569107,0,-1.0,0.5835307034569107,0.06786118732614665,False
36,36.1413612565445,EBL,35.189655172413794,31.58620689655172,under,34.5,lost,1.83,36.0,-1.155716943849221,-0.8659941634725179,0.0,0.0,-0.8095983863874423,0.6655385399034301,-1.2403757694101287,-0.8113044475574895,-1.1261807448375052,0.0,0,-1.0,0.5825244299624093,0,-1.0,0.5825244299624093,0.066019706831209,False
25,33.23076923076923,ROL,30.22641509433962,35.46,under,34.5,won,1.8,25.0,-1.5721442954792302,0.0,-0.64039106873566,-1.0332368361565436,0.6655385399034301,-1.234138311281054,0.0,0.0,1.7827561319782248,-0.9659723665617116,1,0.8,0.5823486225727373,1,0.8300000000000001,0.5823486225727373,0.06569797930810939,False
29,27.25563909774436,LCP,26.91489361702128,27.753846153846155,under,25.5,lost,1.9,29.0,1.2452748960137257,0.0,0.0,0.0,0.0,0.0,0.0,-0.913098065074376,0.0,-1.1261807448375052,0,-1.0,0.581883264522651,0,-1.0,0.581883264522651,0.06484637407645144,False
51,28.83148148148148,LCK,30.842508710801393,30.5,under,30.5,lost,1.83,51.0,0.0,0.0,0.0,0.0,0.0,0.0,-0.8113044475574895,0.5231029362444133,-0.6816806276591585,-1.1261807448375052,0,-1.0,0.5804106821702072,0,-1.0,0.5804106821702072,0.06215154837147918,False
28,28.83148148148148,LCK,30.842508710801393,29.50515463917526,under,32.5,won,1.83,28.0,0.5609560677137821,0.0,-0.7760435577368519,0.0,0.0,0.0,-0.8113044475574895,0.5231029362444133,0.0,-1.078880905409381,1,0.8300000000000001,0.5796560203957623,1,0.8300000000000001,0.5796560203957623,0.06077051732424493,False
24,36.219858156028366,VCS,33.142857142857146,33.810810810810814,under,35.5,won,1.83,24.0,0.0,0.5609560677137821,0.0,0.0,0.0,0.0,0.0,0.0,-0.9659723665617116,-3.700805908305771,1,0.8300000000000001,0.5784916590722339,1,0.8300000000000001,0.5784916590722339,0.058639736102188034,False
21,30.07286432160804,LPL,28.48175182481752,31.526946107784436,under,29.5,won,1.83,21.0,0.0,0.5609560677137821,-1.9946898409830425,0.0,-0.8095983863874423,0.6655385399034301,0.5231029362444133,-0.8113044475574895,0.4654990225793156,-0.6816806276591585,1,0.8300000000000001,0.5773004250195637,1,0.8300000000000001,0.5773004250195637,0.05645977778580158,False
31,30.07286432160804,LPL,31.208695652173912,31.696969696969692,under,32.5,won,1.83,31.0,0.5609560677137821,0.0,1.256750867247696,0.0,0.0,-0.8095983863874423,-0.913098065074376,-1.0421821869666132,-1.1261807448375052,-1.842584791571916,1,0.8300000000000001,0.5763506502993189,1,0.8300000000000001,0.5763506502993189,0.05472169004775357,False
31,30.07286432160804,LPL,31.208695652173912,31.015748031496063,under,30.5,lost,1.83,31.0,0.5609560677137821,0.0,-0.64039106873566,-0.6320467219229506,-1.1986585288014666,0.0,-1.2403757694101287,0.5231029362444133,0.4654990225793156,-0.6816806276591585,0,-1.0,0.574855133875044,0,-1.0,0.574855133875044,0.05198489499133069,False
28,36.219858156028366,VCS,33.142857142857146,33.810810810810814,under,35.5,won,1.83,28.0,0.0,-1.155716943849221,-1.9946898409830425,0.0,-0.8095983863874423,0.0,0.7520050888007717,0.9020397066897204,-0.6816806276591585,0.4654990225793156,1,0.8300000000000001,0.5741631635217517,1,0.8300000000000001,0.5741631635217517,0.0507185892448056,False
35,30.07286432160804,LPL,28.48175182481752,31.733766233766232,under,30.5,lost,1.83,35.0,-1.155716943849221,0.0,0.0,0.0,-0.8095983863874423,0.6655385399034301,0.0,-0.8113044475574895,-0.9659723665617116,0.4654990225793156,0,-1.0,0.5728163334723029,0,-1.0,0.5728163334723029,0.04825389025431431,False
30,30.07286432160804,LPL,30.842508710801393,32.26086956521739,under,33.5,won,1.83,29.0,0.0,0.0,0.0,-0.6320467219229506,0.0,-0.8095983863874423,-1.4326523672446747,0.5231029362444133,0.4654990225793156,-0.6816806276591585,1,0.8300000000000001,0.5721666091276092,1,0.8300000000000001,0.5721666091276092,0.04706489470352487,False
32,28.83148148148148,LCK,26.92079207920792,30.5,under,29.5,lost,1.83,31.0,0.0,0.5609560677137821,-0.7760435577368519,0.0,0.0,0.6655385399034301,-0.8113044475574895,0.0,0.4654990225793156,-1.1261807448375052,0,-1.0,0.5702867635797377,0,-1.0,0.5702867635797377,0.043624777350920074,False
27,33.06190476190476,NLC,31.42528735632184,29.694444444444443,under,32.5,won,1.83,26.0,0.0,0.0,0.0,1.0984264443831435,0.0,1.0853159537389274,-1.2403757694101287,-0.8113044475574895,-1.1261807448375052,-2.2426813296105834,1,0.8300000000000001,0.5661205635727802,1,0.8300000000000001,0.5661205635727802,0.03600063133818776,False
18,33.23076923076923,ROL,31.301369863013697,32.895833333333336,under,31.5,won,1.83,18.0,0.5609560677137821,0.0,-1.0332368361565436,0.8434335133614894,0.0,-1.1986585288014666,-0.8113044475574895,-1.4462880706363492,0.0,-0.6816806276591585,1,0.8300000000000001,0.5658715785823384,1,0.8300000000000001,0.5658715785823384,0.0355449888056793,False
28,30.07286432160804,LPL,30.44378698224852,28.48175182481752,under,29.5,won,1.83,25.0,0.0,0.5609560677137821,1.256750867247696,-0.6320467219229506,0.0,0.0,-0.913098065074376,0.0,-1.1261807448375052,-0.6816806276591585,1,0.8300000000000001,0.5643234539532608,1,0.8300000000000001,0.5643234539532608,0.03271192073446727,False
29,30.07286432160804,LPL,32.26086956521739,38.0,under,34.5,won,1.83,29.0,0.0,0.0,-0.6320467219229506,0.0,-0.6263770292967372,0.0,0.0,-0.8113044475574895,-1.057365285027263,-2.2426813296105834,1,0.8300000000000001,0.563206942699216,1,0.8300000000000001,0.563206942699216,0.030668705139565322,False
30,34.5625,RL,34.69892473118279,31.918367346938776,under,34.5,won,1.83,30.0,0.0,0.0,-0.7760435577368519,-0.6320467219229506,-0.6263770292967372,0.6655385399034301,0.5231029362444133,-0.468056459937813,-1.078880905409381,-1.1261807448375052,1,0.8300000000000001,0.5617994680993073,1,0.8300000000000001,0.5617994680993073,0.028093026621732298,False
29,31.37037037037037,CD,28.08695652173913,30.81132075471698,under,30.5,won,1.8,29.0,0.0,0.0,1.0984264443831435,0.0,-0.8095983863874423,0.0,-0.8113044475574895,0.9020397066897204,-1.078880905409381,-0.6816806276591585,1,0.8,0.5616910973552182,1,0.8300000000000001,0.5616910973552182,0.027894708160049297,False
21,28.83148148148148,LCK,29.335714285714285,30.272058823529413,under,30.5,won,1.83,21.0,0.0,0.0,1.0984264443831435,-0.7760435577368519,0.0,0.0,0.9020397066897204,0.0,-1.078880905409381,-1.1261807448375052,1,0.8300000000000001,0.560897224096295,1,0.8300000000000001,0.560897224096295,0.026441920096219984,False
24,30.07286432160804,LPL,31.526946107784436,28.48175182481752,under,30.5,won,1.83,24.0,0.0,0.5609560677137821,-0.6320467219229506,-0.7760435577368519,0.0,0.6655385399034301,0.5231029362444133,0.0,0.4654990225793156,-1.842584791571916,1,0.8300000000000001,0.5599277285566905,1,0.8300000000000001,0.5599277285566905,0.024667743258743602,False
31,30.07286432160804,LPL,31.733766233766232,31.208695652173912,under,32.5,won,1.83,31.0,0.0,0.0,0.0,1.256750867247696,0.6655385399034301,0.0,0.0,-1.0421821869666132,-1.7642883932950577,-1.842584791571916,1,0.8300000000000001,0.5589264382998732,1,0.8300000000000001,0.5589264382998732,0.022835382088768008,False
25,27.25563909774436,LCP,30.33333333333333,28.52830188679245,under,25.5,won,1.83,25.0,0.0,-1.155716943849221,0.0,-0.7760435577368519,-0.8095983863874423,0.6655385399034301,0.0,0.0,-0.6816806276591585,1.7827561319782248,1,0.8300000000000001,0.5587970583966001,1,0.8300000000000001,0.5587970583966001,0.022598616865778243,False
22,29.229559748427672,LFL,28.27142857142857,29.155555555555555,under,31.5,won,1.83,22.0,0.0,-0.5685724682663711,0.0,-1.9946898409830425,0.0,0.6655385399034301,0.7520050888007717,-0.8113044475574895,0.0,1.7827561319782248,1,0.8300000000000001,0.5585813440001406,1,0.8300000000000001,0.5585813440001406,0.02220385952025733,False
27,30.12878787878788,LVP SL,29.692307692307693,31.34090909090909,under,32.5,won,1.83,27.0,-0.8659941634725179,0.0,-1.0332368361565436,-0.6320467219229506,-0.8095983863874423,1.0853159537389274,0.5231029362444133,0.9020397066897204,0.4654990225793156,-0.6816806276591585,1,0.8300000000000001,0.5584130621624757,1,0.8300000000000001,0.5584130621624757,0.02189590375733047,False
18,30.07286432160804,LPL,31.225225225225227,26.88571428571429,under,28.5,won,1.83,18.0,0.0,0.5609560677137821,0.0,-0.7760435577368519,0.6655385399034301,0.0,0.0,-0.468056459937813,0.4654990225793156,-0.9659723665617116,1,0.8300000000000001,0.5562598140315118,1,0.8300000000000001,0.5562598140315118,0.017955459677666652,False
23,27.14814814814815,LEC,29.3,25.46296296296296,under,24.5,won,1.83,23.0,0.0,0.0,-0.7760435577368519,-0.64039106873566,0.0,0.0,0.0,0.5231029362444133,0.4654990225793156,1.7827561319782248,1,0.8300000000000001,0.5558627928867869,1,0.8300000000000001,0.5558627928867869,0.017228910982819978,False
29,31.37037037037037,CD,28.23684210526316,30.115384615384617,under,30.5,won,1.9,29.0,0.5609560677137821,0.0,-0.6320467219229506,0.0,0.6655385399034301,0.0,-0.8113044475574895,-1.4326523672446747,-1.1261807448375052,1.7827561319782248,1,0.8999999999999999,0.5555043358373252,1,0.8300000000000001,0.5555043358373252,0.016572934582305077,False
26,29.229559748427672,LFL,26.232558139534884,29.57943925233645,under,28.5,won,1.83,26.0,-1.155716943849221,-1.5721442954792302,1.256750867247696,0.0,0.0,0.6655385399034301,-0.468056459937813,0.9020397066897204,0.0,0.4654990225793156,1,0.8300000000000001,0.5552908366970144,1,0.8300000000000001,0.5552908366970144,0.01618223115553641,False
30,29.229559748427672,LFL,25.97647058823529,29.26086956521739,under,28.5,lost,1.83,30.0,0.0,0.0,-0.6320467219229506,-0.7760435577368519,-0.8095983863874423,0.0,0.0,0.0,1.7827561319782248,0.4654990225793156,0,-1.0,0.5547736563983957,0,-1.0,0.5547736563983957,0.015235791209064209,False
30,30.07286432160804,LPL,26.4,26.88571428571429,under,25.5,lost,1.83,30.0,0.5609560677137821,0.0,0.8434335133614894,-0.7760435577368519,0.6655385399034301,-1.0617142411045393,0.0,0.0,1.7827561319782248,-0.9659723665617116,0,-1.0,0.5540833142995354,0,-1.0,0.5540833142995354,0.013972465168149817,False
26,30.07286432160804,LPL,28.474074074074075,31.208695652173912,under,30.5,won,1.83,26.0,0.5609560677137821,0.0,-0.64039106873566,-0.7760435577368519,-1.1986585288014666,0.0,0.0,-0.8113044475574895,0.0,1.120551452057974,1,0.8300000000000001,0.5525182072981029,1,0.8300000000000001,0.5525182072981029,0.011108319355528251,False
32,29.229559748427672,LFL,29.155555555555555,29.57943925233645,under,29.5,lost,1.83,30.0,0.0,0.0,1.0984264443831435,1.256750867247696,0.0,-0.8095983863874423,-1.4326523672446747,0.0,-0.6816806276591585,-1.078880905409381,0,-1.0,0.546217376073906,0,-1.0,0.546217376073906,-0.00042220178475205206,False
32,30.12878787878788,LVP SL,30.9811320754717,27.19298245614035,under,32.5,won,1.83,32.0,0.0,0.0,-0.6320467219229506,0.0,1.0853159537389274,1.2815801036603958,-0.913098065074376,0.0,-1.1261807448375052,0.4654990225793156,1,0.8300000000000001,0.5460274130499247,1,0.8300000000000001,0.5460274130499247,-0.00076983411863768,False
27,29.229559748427672,LFL,25.97647058823529,26.232558139534884,under,27.5,won,1.83,27.0,-1.155716943849221,0.0,-0.6320467219229506,-0.7760435577368519,0.6655385399034301,1.0853159537389274,0.7520050888007717,0.9020397066897204,0.4654990225793156,1.7827561319782248,1,0.8300000000000001,0.5454141709909441,1,0.8300000000000001,0.5454141709909441,-0.0018920670865721911,False
40,30.12878787878788,LVP SL,29.692307692307693,32.40909090909091,under,31.5,lost,1.83,40.0,0.0,0.0,0.0,-0.7760435577368519,0.0,1.0853159537389274,0.0,-0.468056459937813,-0.6816806276591585,-1.078880905409381,0,-1.0,0.5453073670721378,0,-1.0,0.5453073670721378,-0.002087518257987808,False
30,30.07286432160804,LPL,31.208695652173912,31.733766233766232,under,31.5,won,1.83,30.0,0.5609560677137821,0.0,0.0,-0.6320467219229506,0.0,1.2815801036603958,-0.913098065074376,-0.8113044475574895,-1.1261807448375052,-1.057365285027263,1,0.8300000000000001,0.5442629710498896,1,0.8300000000000001,0.5442629710498896,-0.003998762978701942,False
41,30.07286432160804,LPL,29.01020408163265,26.4,under,27.5,lost,1.83,41.0,0.0,0.0,0.0,1.0984264443831435,0.6655385399034301,0.0,-0.8113044475574895,0.7520050888007717,-0.6816806276591585,0.0,0,-1.0,0.5424452268457635,0,-1.0,0.5424452268457635,-0.007325234872252839,False
18,33.23076923076923,ROL,30.22641509433962,35.46,under,34.5,won,1.8,16.0,0.0,0.0,1.256750867247696,-0.6320467219229506,-0.8095983863874423,-0.6263770292967372,-0.8113044475574895,0.7520050888007717,-1.078880905409381,-1.057365285027263,1,0.8,0.5401518489733051,1,0.8300000000000001,0.5401518489733051,-0.011522116378851532,False
27,33.06190476190476,NLC,35.6,30.6,under,34.5,won,1.83,27.0,-1.155716943849221,0.0,0.0,-0.7760435577368519,0.6655385399034301,-1.0617142411045393,0.7520050888007717,-0.8113044475574895,0.0,0.0,1,0.8300000000000001,0.5399517194942803,1,0.8300000000000001,0.5399517194942803,-0.01188835332546695,False
44,27.14814814814815,LEC,29.3,26.27027027027027,under,29.5,lost,1.83,44.0,0.0,0.0,1.256750867247696,-0.64039106873566,0.0,-0.6263770292967372,0.0,0.0,1.120551452057974,-0.9659723665617116,0,-1.0,0.5388932022825428,0,-1.0,0.5388932022825428,-0.01382543982294665,False
26,28.83148148148148,LCK,29.48958333333333,30.847619047619048,under,31.5,won,1.83,26.0,0.0,0.0,-0.6320467219229506,1.757209358869801,0.0,-1.0617142411045393,-0.8113044475574895,0.5231029362444133,0.0,-0.6816806276591585,1,0.8300000000000001,0.5360812635987018,1,0.8300000000000001,0.5360812635987018,-0.01897128761437572,False
26,29.229559748427672,LFL,30.516129032258064,29.44155844155844,under,33.5,won,1.83,26.0,0.0,0.0,-0.6320467219229506,-1.0332368361565436,-0.6263770292967372,-1.234138311281054,0.0,0.0,1.7827561319782248,1.120551452057974,1,0.8300000000000001,0.5359681909208506,1,0.8300000000000001,0.5359681909208506,-0.019178210614843427,False
28,30.07286432160804,LPL,30.44378698224852,28.48175182481752,under,29.5,won,1.83,28.0,0.0,0.0,0.0,1.0984264443831435,0.6655385399034301,-0.8095983863874423,-0.8113044475574895,0.5231029362444133,-0.9659723665617116,0.4654990225793156,1,0.8300000000000001,0.5330489533881649,1,0.8300000000000001,0.5330489533881649,-0.02452041529965815,False
33,38.55115511551155,PCS,32.96,36.86153846153846,under,36.5,won,1.83,33.0,0.0,0.0,-0.7760435577368519,0.0,0.0,0.0,-0.468056459937813,0.0,-0.6816806276591585,-1.842584791571916,1,0.8300000000000001,0.5328460501018669,1,0.8300000000000001,0.5328460501018669,-0.024891728313583494,False
23,33.15511551155115,PRM,30.884615384615383,32.787234042553195,under,32.5,won,1.83,23.0,0.0,1.2452748960137257,0.0,0.0,0.6655385399034301,0.0,-0.913098065074376,0.0,-1.842584791571916,-0.6816806276591585,1,0.8300000000000001,0.5303385774704942,1,0.8300000000000001,0.5303385774704942,-0.029480403228995644,False
21,29.229559748427672,LFL,28.729166666666668,29.44155844155844,under,31.5,won,1.83,21.0,-1.155716943849221,0.5609560677137821,0.0,-0.7760435577368519,0.0,-0.6263770292967372,-0.468056459937813,0.0,1.7827561319782248,0.4654990225793156,1,0.8300000000000001,0.5302524319159106,1,0.8300000000000001,0.5302524319159106,-0.029638049593883498,False
18,28.83148148148148,LCK,34.19230769230769,30.64761904761905,under,33.5,won,1.83,18.0,0.0,0.0,0.0,-0.7760435577368519,-1.0617142411045393,0.0,0.0,0.9020397066897204,0.0,-1.078880905409381,1,0.8300000000000001,0.5291312841182384,1,0.8300000000000001,0.5291312841182384,-0.03168975006362368,False
15,36.1413612565445,EBL,31.58620689655172,35.189655172413794,under,33.5,won,1.83,14.0,0.0,0.0,0.0,-0.7760435577368519,0.0,0.0,0.0,0.5231029362444133,-1.1261807448375052,-0.6816806276591585,1,0.8300000000000001,0.527912726739275,1,0.8300000000000001,0.527912726739275,-0.033919710067126685,False
34,33.23076923076923,ROL,31.301369863013697,35.46,under,33.5,lost,1.83,34.0,0.0,0.0,0.0,-1.0332368361565436,0.6655385399034301,0.0,0.9020397066897204,0.5231029362444133,-0.6816806276591585,-1.842584791571916,0,-1.0,0.5278088070531454,0,-1.0,0.5278088070531454,-0.03410988309274393,False
35,30.07286432160804,LPL,29.01020408163265,30.82258064516129,under,28.5,lost,1.83,35.0,0.0,0.0,0.0,-0.7760435577368519,0.0,0.0,0.0,-2.378273094861868,1.7827561319782248,-0.9659723665617116,0,-1.0,0.5268992988988372,0,-1.0,0.5268992988988372,-0.035774283015127806,False
28,28.83148148148148,LCK,29.50515463917526,26.92079207920792,under,29.5,won,1.83,26.0,0.0,0.0,1.256750867247696,1.0984264443831435,-1.0617142411045393,0.0,0.0,0.5231029362444133,-0.9659723665617116,-1.1261807448375052,1,0.8300000000000001,0.5258482803355244,1,0.8300000000000001,0.5258482803355244,-0.03769764698599021,False
35,30.07286432160804,LPL,31.015748031496063,31.733766233766232,under,30.5,lost,1.83,34.0,0.5609560677137821,0.0,0.0,-0.7760435577368519,-0.8095983863874423,0.6655385399034301,0.0,-0.913098065074376,0.0,-1.1261807448375052,0,-1.0,0.5215839441348705,0,-1.0,0.5215839441348705,-0.04550138223318689,False
37,33.06190476190476,NLC,31.42528735632184,30.29824561403509,under,30.5,lost,1.83,37.0,0.0,0.0,-0.7760435577368519,1.256750867247696,1.0853159537389274,0.6655385399034301,-0.913098065074376,0.5231029362444133,-1.1261807448375052,-1.078880905409381,0,-1.0,0.5211442911685388,0,-1.0,0.5211442911685388,-0.04630594716157399,False
38,30.07286432160804,LPL,31.015748031496063,31.733766233766232,under,30.5,lost,1.83,38.0,0.0,-1.155716943849221,1.0984264443831435,0.0,0.0,0.0,0.0,0.5231029362444133,-0.9659723665617116,-0.6816806276591585,0,-1.0,0.5202563484491168,0,-1.0,0.5202563484491168,-0.047930882338116154,False
29,31.37037037037037,CD,27.711111111111112,33.170212765957444,under,31.5,won,1.83,29.0,0.0,-1.5721442954792302,0.0,-0.64039106873566,0.6655385399034301,-0.8095983863874423,0.0,0.9020397066897204,1.7827561319782248,0.0,1,0.8300000000000001,0.5198582020669924,1,0.8300000000000001,0.5198582020669924,-0.048659490217403845,False
53,28.83148148148148,LCK,30.842508710801393,28.091603053435115,under,31.5,lost,1.83,51.0,0.5609560677137821,0.0,1.256750867247696,0.0,0.0,-1.0617142411045393,0.7520050888007717,0.9020397066897204,-0.6816806276591585,-1.1261807448375052,0,-1.0,0.519633200635653,0,-1.0,0.519633200635653,-0.049071242836755014,False
26,30.59057971014493,NACL,32.1,30.5,under,31.5,won,1.83,26.0,0.5609560677137821,0.0,-0.6320467219229506,-0.7760435577368519,0.0,0.6655385399034301,0.0,0.9020397066897204,0.0,-1.057365285027263,1,0.8300000000000001,0.5188089836532083,1,0.8300000000000001,0.5188089836532083,-0.05057955991462881,False
31,27.25563909774436,LCP,30.33333333333333,28.52830188679245,under,25.5,lost,1.83,31.0,0.5609560677137821,0.0,0.0,0.0,0.0,0.0,0.5231029362444133,0.0,0.0,-0.9659723665617116,0,-1.0,0.5186033658377205,0,-1.0,0.5186033658377205,-0.050955840516971496,False
51,28.83148148148148,LCK,30.83739837398374,30.64761904761905,under,29.5,lost,1.83,51.0,0.0,0.5609560677137821,0.0,0.0,-0.8095983863874423,0.0,0.5231029362444133,-0.8113044475574895,0.4654990225793156,-1.842584791571916,0,-1.0,0.5181377245198195,0,-1.0,0.5181377245198195,-0.05180796412873018,False
22,33.0375,TCL,30.842508710801393,34.9264705882353,under,35.5,won,1.83,22.0,0.0,0.0,-0.7760435577368519,0.0,0.6655385399034301,-0.8095983863874423,-0.468056459937813,0.5231029362444133,0.4654990225793156,-0.9659723665617116,1,0.8300000000000001,0.5166824233388139,1,0.8300000000000001,0.5166824233388139,-0.05447116528997059,False
20,33.06190476190476,NLC,31.42528735632184,29.694444444444443,under,32.5,won,1.83,20.0,0.0,-1.155716943849221,1.256750867247696,-0.7760435577368519,-0.8095983863874423,0.6655385399034301,0.5231029362444133,-0.468056459937813,-1.078880905409381,0.4654990225793156,1,0.8300000000000001,0.5165523144630071,1,0.8300000000000001,0.5165523144630071,-0.05470926453269698,False
38,33.06190476190476,NLC,30.29824561403509,36.78260869565217,under,31.5,lost,1.83,38.0,-1.5721442954792302,-0.5685724682663711,1.0984264443831435,-0.7760435577368519,-0.8095983863874423,0.0,-2.378273094861868,0.7520050888007717,1.120551452057974,-0.6816806276591585,0,-1.0,0.5148153411331263,0,-1.0,0.5148153411331263,-0.0578879257263788,False
20,33.23076923076923,ROL,30.22641509433962,32.895833333333336,under,31.5,won,1.83,20.0,-1.155716943849221,0.0,-1.0332368361565436,1.0984264443831435,-1.1986585288014666,0.0,0.0,0.0,0.0,0.4654990225793156,1,0.8300000000000001,0.5130245233281763,1,0.8300000000000001,0.5130245233281763,-0.06116512230943738,False
34,30.07286432160804,LPL,31.733766233766232,30.44378698224852,under,30.5,lost,1.83,34.0,0.0,0.5609560677137821,0.0,1.256750867247696,-0.8095983863874423,-1.0617142411045393,-0.913098065074376,0.0,-1.1261807448375052,0.4654990225793156,0,-1.0,0.5120456872925978,0,-1.0,0.5120456872925978,-0.06295639225454597,False
17,29.229559748427672,LFL,28.27142857142857,29.155555555555555,under,31.5,won,1.83,17.0,0.5609560677137821,0.0,1.0984264443831435,-0.6320467219229506,0.0,0.0,0.0,0.0,0.4654990225793156,-1.1261807448375052,1,0.8300000000000001,0.5047999727298972,1,0.8300000000000001,0.5047999727298972,-0.0762160499042881,False
38,30.12878787878788,LVP SL,29.692307692307693,32.40909090909091,under,31.5,lost,1.83,38.0,0.5609560677137821,0.0,0.0,0.0,0.6655385399034301,0.0,0.0,0.5231029362444133,-1.842584791571916,0.4654990225793156,0,-1.0,0.5045368715538797,0,-1.0,0.5045368715538797,-0.0766975250564001,False
32,33.23076923076923,ROL,33.214285714285715,35.46,under,35.5,won,1.83,32.0,0.0,0.0,-1.0332368361565436,-0.7760435577368519,0.0,0.0,0.5231029362444133,0.7520050888007717,0.0,-1.078880905409381,1,0.8300000000000001,0.5026219464375675,1,0.8300000000000001,0.5026219464375675,-0.0802018380192514,False
36,30.12878787878788,LVP SL,27.176470588235293,28.45833333333333,under,26.5,lost,1.83,36.0,0.0,0.0,0.0,0.0,0.0,1.8913858048840095,0.7520050888007717,-1.4462880706363492,-1.078880905409381,0.4654990225793156,0,-1.0,0.502257556108121,0,-1.0,0.502257556108121,-0.08086867232213862,False
34,33.15511551155115,PRM,32.787234042553195,32.65277777777778,under,33.5,lost,1.83,34.0,0.0,0.0,1.256750867247696,-0.7760435577368519,0.0,-1.0617142411045393,-0.913098065074376,-0.8113044475574895,0.4654990225793156,-0.9659723665617116,0,-1.0,0.4993517082000745,0,-1.0,0.4993517082000745,-0.08618637399386364,False
32,30.07286432160804,LPL,31.733766233766232,30.44378698224852,under,30.5,lost,1.83,32.0,0.0,0.0,-0.7760435577368519,0.0,0.0,-0.6263770292967372,0.0,-0.8113044475574895,1.7827561319782248,-0.6816806276591585,0,-1.0,0.4964730746497101,0,-1.0,0.4964730746497101,-0.09145427339103046,False
29,36.1413612565445,EBL,31.58620689655172,35.189655172413794,under,33.5,won,1.83,29.0,0.0,0.0,0.0,-0.6320467219229506,0.0,0.0,0.7520050888007717,0.9020397066897204,-1.1261807448375052,-0.6816806276591585,1,0.8300000000000001,0.49288000335412496,1,0.8300000000000001,0.49288000335412496,-0.09802959386195126,False
27,33.06190476190476,NLC,30.29824561403509,34.935483870967744,under,32.5,won,1.83,27.0,0.0,0.0,0.0,-0.64039106873566,1.2815801036603958,0.0,0.5231029362444133,0.9020397066897204,-0.6816806276591585,-1.1261807448375052,1,0.8300000000000001,0.49201590685193236,1,0.8300000000000001,0.49201590685193236,-0.09961089046096377,False
28,28.83148148148148,LCK,28.091603053435115,26.92079207920792,under,29.5,won,1.83,28.0,0.0,0.0,1.0984264443831435,1.256750867247696,-1.0617142411045393,0.0,0.5231029362444133,-0.8113044475574895,-1.078880905409381,0.4654990225793156,1,0.8300000000000001,0.4907161006450748,1,0.8300000000000001,0.4907161006450748,-0.10198953581951298,False
21,30.07286432160804,LPL,35.0,30.5,under,33.5,won,1.83,21.0,0.0,0.0,-0.7760435577368519,0.0,0.0,1.0853159537389274,-1.2403757694101287,0.0,-1.1261807448375052,0.4654990225793156,1,0.8300000000000001,0.4906855191054863,1,0.8300000000000001,0.4906855191054863,-0.10204550003696006,False
21,33.06190476190476,NLC,32.016666666666666,29.694444444444443,under,31.5,won,1.83,21.0,0.0,0.0,-0.7760435577368519,0.0,0.6655385399034301,1.0853159537389274,0.0,-0.913098065074376,0.4654990225793156,-1.1261807448375052,1,0.8300000000000001,0.49035381878588225,1,0.8300000000000001,0.49035381878588225,-0.10265251162183547,False
20,31.37037037037037,CD,30.115384615384617,29.982142857142858,under,31.5,won,1.83,20.0,0.0,0.0,1.0984264443831435,1.256750867247696,-0.8095983863874423,-1.0617142411045393,0.9020397066897204,0.7520050888007717,-1.1261807448375052,-0.6816806276591585,1,0.8300000000000001,0.4848147363673065,1,0.8300000000000001,0.4848147363673065,-0.11278903244782906,False
36,27.14814814814815,LEC,27.384615384615383,26.66304347826087,under,27.5,lost,1.83,36.0,0.0,0.0,-0.64039106873566,1.256750867247696,-1.1986585288014666,1.2815801036603958,-1.0421821869666132,0.0,1.120551452057974,0.0,0,-1.0,0.483971335168574,0,-1.0,0.483971335168574,-0.1143324566415096,False
21,28.83148148148148,LCK,29.50515463917526,26.92079207920792,under,29.5,won,1.83,21.0,0.5609560677137821,0.0,0.0,0.0,0.0,-0.8095983863874423,-1.2403757694101287,-0.8113044475574895,1.7827561319782248,1.120551452057974,1,0.8300000000000001,0.4787718298811867,1,0.8300000000000001,0.4787718298811867,-0.12384755131742825,False
45,30.59057971014493,NACL,28.80851063829787,30.5,under,29.5,lost,1.83,45.0,0.0,0.5609560677137821,0.0,1.0984264443831435,0.0,0.0,0.7520050888007717,0.9020397066897204,-1.1261807448375052,-0.6816806276591585,0,-1.0,0.4773125332289132,0,-1.0,0.4773125332289132,-0.1265180641910888,False
34,33.06190476190476,NLC,34.935483870967744,29.694444444444443,under,33.5,lost,1.83,34.0,0.5609560677137821,-1.155716943849221,0.0,0.0,-0.8095983863874423,0.6655385399034301,-0.913098065074376,0.9020397066897204,-1.1261807448375052,1.120551452057974,0,-1.0,0.4730930699420081,0,-1.0,0.4730930699420081,-0.13423968200612507,False
23,30.07286432160804,LPL,28.48175182481752,31.526946107784436,under,29.5,won,1.83,23.0,0.0,0.0,-0.7760435577368519,0.0,0.0,-1.0617142411045393,0.0,0.0,1.120551452057974,1.7827561319782248,1,0.8300000000000001,0.4720356149824131,1,0.8300000000000001,0.4720356149824131,-0.136174824582184,False
33,30.59057971014493,NACL,31.32758620689655,30.5,under,33.5,won,1.83,33.0,0.0,-1.155716943849221,1.256750867247696,-0.6320467219229506,0.6655385399034301,1.0853159537389274,0.0,0.0,-0.9659723665617116,0.0,1,0.8300000000000001,0.46970757045977285,1,0.8300000000000001,0.46970757045977285,-0.14043514605861568,False
27,36.1413612565445,EBL,35.189655172413794,31.58620689655172,under,34.5,won,1.83,27.0,-0.5685724682663711,0.0,-1.0332368361565436,-0.6320467219229506,-0.6263770292967372,0.0,0.7520050888007717,0.9020397066897204,-0.6816806276591585,1.7827561319782248,1,0.8300000000000001,0.46941820009591223,1,0.8300000000000001,0.46941820009591223,-0.14096469382448062,False
27,30.07286432160804,LPL,31.733766233766232,31.208695652173912,under,32.5,won,1.83,27.0,-1.5721442954792302,0.0,0.0,0.0,0.0,1.2815801036603958,-0.913098065074376,0.5231029362444133,-1.1261807448375052,1.7827561319782248,1,0.8300000000000001,0.46777665313943856,1,0.8300000000000001,0.46777665313943856,-0.14396872475482747,False
22,30.59057971014493,NACL,31.32758620689655,27.07843137254902,under,28.5,won,1.83,22.0,0.0,0.0,-0.64039106873566,0.0,-0.8095983863874423,0.0,0.0,0.0,1.7827561319782248,0.4654990225793156,1,0.8300000000000001,0.467625030298281,1,0.8300000000000001,0.467625030298281,-0.14424619455414578,False
34,34.5625,RL,34.69892473118279,33.11940298507463,under,34.5,won,1.83,34.0,0.0,0.0,0.0,-0.64039106873566,-1.0617142411045393,0.0,-0.8113044475574895,-0.468056459937813,-0.6816806276591585,1.120551452057974,1,0.8300000000000001,0.4666830052905066,1,0.8300000000000001,0.4666830052905066,-0.14597010031837282,False
60,30.07286432160804,LPL,39.888888888888886,38.0,under,35.5,lost,1.83,60.0,-0.5685724682663711,0.0,1.0984264443831435,-1.9946898409830425,0.0,0.0,0.0,1.0830233897470125,-2.2426813296105834,-1.078880905409381,0,-1.0,0.4632588746948415,0,-1.0,0.4632588746948415,-0.15223625930844004,False
34,35.46153846153846,HLL,33.77777777777778,35.36538461538461,under,35.5,won,1.83,34.0,0.0,-1.155716943849221,-0.751940118689614,0.0,0.6655385399034301,0.0,0.7520050888007717,0.9020397066897204,-1.1261807448375052,0.4654990225793156,1,0.8300000000000001,0.4625536899397637,1,0.8300000000000001,0.4625536899397637,-0.1535267474102323,False
18,27.25563909774436,LCP,26.012048192771083,27.73684210526316,under,26.5,won,1.83,18.0,0.0,-1.155716943849221,1.256750867247696,1.0984264443831435,0.6655385399034301,-0.8095983863874423,0.0,0.0,0.0,1.7827561319782248,1,0.8300000000000001,0.4625499988228414,1,0.8300000000000001,0.4625499988228414,-0.15353350215420014,False
29,33.0375,TCL,29.928571428571427,30.63636363636364,under,29.5,won,1.83,29.0,0.0,0.5609560677137821,-0.64039106873566,0.0,-1.1986585288014666,0.0,-0.468056459937813,0.9020397066897204,0.4654990225793156,1.120551452057974,1,0.8300000000000001,0.46114775159552246,1,0.8300000000000001,0.46114775159552246,-0.1560996145801939,False
18,27.14814814814815,LEC,26.27027027027027,28.75675675675676,under,29.5,won,1.83,18.0,0.0,0.5609560677137821,1.256750867247696,-0.7760435577368519,0.0,0.0,0.0,0.0,1.7827561319782248,-0.9659723665617116,1,0.8300000000000001,0.4607571256146419,1,0.8300000000000001,0.4607571256146419,-0.15681446012520533,False
27,34.5625,RL,34.69892473118279,31.918367346938776,under,34.5,won,1.83,27.0,0.0,0.0,0.0,0.0,0.0,0.0,0.0,-1.4462880706363492,-0.9659723665617116,0.4654990225793156,1,0.8300000000000001,0.4594832897768865,1,0.8300000000000001,0.4594832897768865,-0.15914557970829757,False
36,30.59057971014493,NACL,31.5,29.72340425531915,under,30.5,lost,1.83,36.0,0.5609560677137821,0.0,0.0,1.0984264443831435,0.6655385399034301,0.0,0.5231029362444133,0.0,-1.1261807448375052,-0.6816806276591585,0,-1.0,0.4577571856513769,0,-1.0,0.4577571856513769,-0.16230435025798023,False
36,30.07286432160804,LPL,37.85714285714285,30.5,under,35.5,lost,1.83,40.0,0.0,0.0,0.0,0.0,1.0853159537389274,0.0,0.7520050888007717,-1.4326523672446747,0.0,-2.2426813296105834,0,-1.0,0.4526608264824531,0,-1.0,0.4526608264824531,-0.1716306875371108,False
48,30.59057971014493,NACL,33.285714285714285,30.5,under,28.5,lost,1.83,48.0,-1.155716943849221,0.5609560677137821,0.0,-0.6320467219229506,0.0,0.6655385399034301,0.0,0.0,0.4654990225793156,0.0,0,-1.0,0.4500453519922673,0,-1.0,0.4500453519922673,-0.17641700585415077,False
28,28.83148148148148,LCK,28.091603053435115,29.50515463917526,under,28.5,won,1.83,25.0,0.0,0.5609560677137821,-0.7760435577368519,1.256750867247696,0.0,-1.0617142411045393,0.5231029362444133,0.0,1.120551452057974,0.4654990225793156,1,0.8300000000000001,0.44960060265739815,1,0.8300000000000001,0.44960060265739815,-0.17723089713696127,False
31,33.06190476190476,NLC,34.935483870967744,30.6,under,34.5,won,1.83,31.0,-1.155716943849221,0.0,0.0,-0.7760435577368519,0.0,0.6655385399034301,0.0,-1.4326523672446747,1.7827561319782248,-0.9659723665617116,1,0.8300000000000001,0.44932527294659896,1,0.8300000000000001,0.44932527294659896,-0.17773475050772386,False
30,36.1413612565445,EBL,38.659574468085104,35.39772727272727,under,35.5,won,1.83,30.0,-0.5685724682663711,0.0,-2.4473084787996164,-0.6320467219229506,-0.8095983863874423,1.0853159537389274,-0.913098065074376,0.0,1.7827561319782248,-1.1261807448375052,1,0.8300000000000001,0.44891222178921036,1,0.8300000000000001,0.44891222178921036,-0.17849063412574506,False
61,28.83148148148148,LCK,34.19230769230769,30.64761904761905,under,33.5,lost,1.83,61.0,0.0,-1.5721442954792302,-0.6320467219229506,1.0984264443831435,0.0,0.6655385399034301,0.0,0.0,1.7827561319782248,-2.2426813296105834,0,-1.0,0.4461825392381082,0,-1.0,0.4461825392381082,-0.18348595319426192,False
28,31.37037037037037,CD,30.115384615384617,28.08695652173913,under,27.5,lost,1.83,28.0,0.0,0.0,0.0,-1.0332368361565436,0.0,0.6655385399034301,0.0,-0.468056459937813,1.7827561319782248,0.4654990225793156,0,-1.0,0.44578829856039126,0,-1.0,0.44578829856039126,-0.18420741363448395,False
19,33.06190476190476,NLC,30.29824561403509,34.935483870967744,under,32.5,won,1.83,19.0,0.0,0.0,0.0,-0.7760435577368519,0.6655385399034301,0.0,0.0,-0.8113044475574895,0.4654990225793156,0.0,1,0.8300000000000001,0.4442957885800896,1,0.8300000000000001,0.4442957885800896,-0.18693870689843606,False
25,35.46153846153846,HLL,33.76712328767123,35.36538461538461,under,36.5,won,1.83,25.0,0.5609560677137821,0.0,0.0,-0.6320467219229506,0.0,-1.0617142411045393,-0.468056459937813,0.7520050888007717,0.4654990225793156,-0.6816806276591585,1,0.8300000000000001,0.4439251473006499,1,0.8300000000000001,0.4439251473006499,-0.18761698043981062,False
26,27.25563909774436,LCP,27.753846153846155,25.638297872340427,under,24.5,lost,1.83,26.0,0.0,0.5609560677137821,0.0,0.0,0.6655385399034301,0.0,0.7520050888007717,0.0,1.7827561319782248,0.0,0,-1.0,0.4435651075719032,0,-1.0,0.4435651075719032,-0.18827585314341716,False
29,36.1413612565445,EBL,31.58620689655172,35.189655172413794,under,33.5,won,1.83,29.0,-0.8659941634725179,0.0,-0.64039106873566,-1.0332368361565436,-0.8095983863874423,0.6655385399034301,0.0,0.0,1.120551452057974,0.4654990225793156,1,0.8300000000000001,0.44303647231989884,1,0.8300000000000001,0.44303647231989884,-0.1892432556545851,False
42,36.1413612565445,EBL,31.58620689655172,30.5,under,34.5,lost,1.83,41.0,0.0,0.0,0.0,0.0,0.0,-1.0617142411045393,0.5231029362444133,-0.468056459937813,1.120551452057974,0.4654990225793156,0,-1.0,0.4413033641992454,0,-1.0,0.4413033641992454,-0.1924148435153809,False
42,30.07286432160804,LPL,31.208695652173912,31.696969696969692,under,32.5,lost,1.83,42.0,0.0,0.0,-0.751940118689614,0.0,0.6655385399034301,0.0,0.0,0.0,1.7827561319782248,-0.9659723665617116,0,-1.0,0.4396617143936117,0,-1.0,0.4396617143936117,-0.1954190626596906,False
32,27.14814814814815,LEC,26.5,30.5,under,25.5,lost,1.83,32.0,2.9751714222517123,0.0,-0.7760435577368519,0.0,1.2815801036603958,-1.0617142411045393,0.9020397066897204,0.7520050888007717,0.4654990225793156,0.0,0,-1.0,0.4310283772028344,0,-1.0,0.4310283772028344,-0.21121806971881307,False
33,28.83148148148148,LCK,30.83739837398374,30.64761904761905,under,29.5,lost,1.83,33.0,0.0,0.0,1.0984264443831435,-0.7760435577368519,0.0,0.6655385399034301,0.0,0.0,-0.9659723665617116,1.120551452057974,0,-1.0,0.42846730486642665,0,-1.0,0.42846730486642665,-0.21590483209443917,False
33,33.15511551155115,PRM,32.787234042553195,32.65277777777778,under,33.5,won,1.83,33.0,0.5609560677137821,0.0,1.0984264443831435,-0.6320467219229506,1.0853159537389274,0.0,0.0,0.0,-0.6816806276591585,-1.078880905409381,1,0.8300000000000001,0.42787866621147574,1,0.8300000000000001,0.42787866621147574,-0.21698204083299938,False
30,28.83148148148148,LCK,30.842508710801393,29.50515463917526,under,32.5,won,1.83,30.0,0.0,0.0,1.256750867247696,1.0984264443831435,1.2815801036603958,0.6655385399034301,-0.913098065074376,0.0,-1.1261807448375052,-0.9659723665617116,1,0.8300000000000001,0.4256587870310916,1,0.8300000000000001,0.4256587870310916,-0.2210444197331023,False
23,38.55115511551155,PCS,32.96,36.86153846153846,under,36.5,won,1.83,23.0,0.0,0.0,1.0984264443831435,-0.6320467219229506,-1.0617142411045393,-0.8095983863874423,0.7520050888007717,-0.8113044475574895,0.0,-0.9659723665617116,1,0.8300000000000001,0.4219735526158709,1,0.8300000000000001,0.4219735526158709,-0.22778839871295625,False
14,30.07286432160804,LPL,28.474074074074075,31.208695652173912,under,30.5,won,1.83,14.0,0.0,0.0,1.256750867247696,0.0,0.0,0.6655385399034301,-0.913098065074376,-0.468056459937813,-1.1261807448375052,1.7827561319782248,1,0.8300000000000001,0.4151656916089477,1,0.8300000000000001,0.4151656916089477,-0.24024678435562574,False
41,33.06190476190476,NLC,34.935483870967744,30.6,under,34.5,lost,1.83,41.0,0.0,0.0,0.8434335133614894,0.0,0.0,0.0,0.0,0.5231029362444133,0.4654990225793156,-1.7642883932950577,0,-1.0,0.4137537826585583,0,-1.0,0.4137537826585583,-0.2428305777348384,False
36,36.1413612565445,EBL,30.842508710801393,30.5,under,41.5,won,1.8,35.0,0.0,0.0,1.256750867247696,-0.7760435577368519,0.0,0.6655385399034301,0.0,0.5231029362444133,0.4654990225793156,-0.6816806276591585,1,0.8,0.4128500348768121,1,0.8300000000000001,0.4128500348768121,-0.24448443617543386,False
49,30.59057971014493,NACL,31.5,28.80851063829787,under,28.5,lost,1.83,49.0,0.0,0.0,1.0984264443831435,0.0,0.6655385399034301,-0.8095983863874423,-0.913098065074376,0.0,1.120551452057974,0.4654990225793156,0,-1.0,0.410028130768438,0,-1.0,0.410028130768438,-0.24964852069375837,False
39,29.229559748427672,LFL,29.155555555555555,29.57943925233645,under,29.5,lost,1.83,39.0,0.5609560677137821,0.0,0.8434335133614894,-0.7760435577368519,0.0,-0.6263770292967372,0.5231029362444133,0.0,0.4654990225793156,1.7827561319782248,0,-1.0,0.40886561750174155,0,-1.0,0.40886561750174155,-0.2517759199718129,False
22,30.07286432160804,LPL,40.01960784313726,33.21212121212121,under,35.5,won,1.83,22.0,-1.155716943849221,0.0,0.0,-0.6320467219229506,0.0,0.0,0.0,0.0,0.4654990225793156,-0.6816806276591585,1,0.8300000000000001,0.4044527240283391,1,0.8300000000000001,0.4044527240283391,-0.2598515150281394,False
21,33.15511551155115,PRM,32.34375,30.884615384615383,under,33.5,won,1.83,21.0,0.0,0.0,1.256750867247696,0.0,0.0,1.0853159537389274,-0.913098065074376,0.5231029362444133,-1.1261807448375052,0.0,1,0.8300000000000001,0.40293093230321786,1,0.8300000000000001,0.40293093230321786,-0.2626363938851113,False
22,30.07286432160804,LPL,39.15384615384615,32.54761904761905,under,36.5,won,1.83,22.0,1.2452748960137257,0.0,-0.751940118689614,0.0,0.0,2.339012536092831,-1.4326523672446747,0.5231029362444133,-2.2426813296105834,-1.078880905409381,1,0.8300000000000001,0.4024275559879139,1,0.8300000000000001,0.4024275559879139,-0.26355757254211754,False
39,33.23076923076923,ROL,35.160714285714285,33.214285714285715,under,34.5,lost,1.83,39.0,0.0,0.0,-0.7760435577368519,0.0,0.0,0.0,0.0,0.0,1.120551452057974,-0.6816806276591585,0,-1.0,0.40013041049121245,0,-1.0,0.40013041049121245,-0.2677613488010812,False
30,36.1413612565445,EBL,30.842508710801393,35.189655172413794,under,37.5,won,1.83,30.0,0.0,0.5609560677137821,0.0,-0.6320467219229506,0.0,0.0,0.5231029362444133,0.0,1.120551452057974,-1.1261807448375052,1,0.8300000000000001,0.39863147394808596,1,0.8300000000000001,0.39863147394808596,-0.2705044026750027,False
28,30.07286432160804,LPL,31.208695652173912,31.015748031496063,under,30.5,won,1.83,28.0,0.0,-1.5721442954792302,0.0,1.256750867247696,0.6655385399034301,-1.0617142411045393,0.9020397066897204,0.0,1.7827561319782248,0.0,1,0.8300000000000001,0.39596977116660265,1,0.8300000000000001,0.39596977116660265,-0.27537531876511717,False
41,30.07286432160804,LPL,45.0,30.5,under,38.5,lost,1.83,50.0,0.0,-0.5685724682663711,-0.7760435577368519,0.0,0.6655385399034301,0.0,-1.4326523672446747,0.9020397066897204,0.4654990225793156,-1.1261807448375052,0,-1.0,0.39466511523176395,0,-1.0,0.39466511523176395,-0.27776283912587196,False
31,36.13903743315508,LJL,32.22950819672131,38.490566037735846,under,34.5,won,1.83,31.0,-1.5721442954792302,0.0,0.0,0.0,0.0,0.0,0.0,0.7520050888007717,1.7827561319782248,-1.842584791571916,1,0.8300000000000001,0.39012475450880946,1,0.8300000000000001,0.39012475450880946,-0.28607169924887865,False
30,30.07286432160804,LPL,28.48175182481752,31.733766233766232,under,30.5,won,1.83,30.0,0.0,0.5609560677137821,1.256750867247696,1.0984264443831435,0.0,0.0,0.7520050888007717,0.9020397066897204,-1.1261807448375052,-0.6816806276591585,1,0.8300000000000001,0.3895801573052688,1,0.8300000000000001,0.3895801573052688,-0.287068312131358,False
44,30.12878787878788,LVP SL,30.9811320754717,32.40909090909091,under,32.5,lost,1.83,44.0,0.5609560677137821,0.0,0.0,0.0,-0.8095983863874423,0.0,0.7520050888007717,0.9020397066897204,0.4654990225793156,0.0,0,-1.0,0.387762073526761,0,-1.0,0.387762073526761,-0.29039540544602727,False
19,28.83148148148148,LCK,34.19230769230769,30.83739837398374,under,31.5,won,1.83,19.0,0.5609560677137821,0.0,1.0984264443831435,0.0,0.0,0.6655385399034301,-1.4326523672446747,0.0,0.0,-0.9659723665617116,1,0.8300000000000001,0.38764711066658386,1,0.8300000000000001,0.38764711066658386,-0.29060578748015153,False
26,30.07286432160804,LPL,40.01960784313726,33.21212121212121,under,35.5,won,1.83,26.0,0.0,0.5609560677137821,0.0,-0.7760435577368519,0.0,1.0853159537389274,0.0,-0.468056459937813,-1.078880905409381,-1.1261807448375052,1,0.8300000000000001,0.38637434790798225,1,0.8300000000000001,0.38637434790798225,-0.2929349433283925,False
31,30.07286432160804,LPL,30.842508710801393,32.26086956521739,under,33.5,won,1.83,29.0,0.5609560677137821,0.0,0.0,0.0,0.0,0.0,-0.8113044475574895,0.9020397066897204,0.0,1.563734720205872,1,0.8300000000000001,0.3820149944871904,1,0.8300000000000001,0.3820149944871904,-0.30091256008844147,False
36,28.83148148148148,LCK,29.76068376068376,28.091603053435115,under,29.5,lost,1.83,32.0,0.0,0.5609560677137821,1.256750867247696,1.0984264443831435,1.2815801036603958,0.0,0.5231029362444133,-0.468056459937813,0.0,-1.057365285027263,0,-1.0,0.3816757072635627,0,-1.0,0.3816757072635627,-0.30153345570768025,False
28,29.229559748427672,LFL,29.44155844155844,30.5,under,30.5,won,1.83,28.0,0.5609560677137821,0.0,1.256750867247696,-0.6320467219229506,-1.0617142411045393,-0.6263770292967372,0.5231029362444133,0.0,0.4654990225793156,1.7827561319782248,1,0.8300000000000001,0.38018840656947805,1,0.8300000000000001,0.38018840656947805,-0.30425521597785515,False
45,27.82010582010582,LTA N,29.026315789473685,27.444444444444443,under,27.5,lost,1.83,45.0,-1.5721442954792302,3.528201725282017,0.0,0.0,-0.8095983863874423,0.6655385399034301,-0.468056459937813,0.0,1.120551452057974,0.4654990225793156,0,-1.0,0.37954371097687356,0,-1.0,0.37954371097687356,-0.30543500891232134,False
35,30.07286432160804,LPL,33.21212121212121,32.54761904761905,under,35.5,won,1.83,35.0,-1.155716943849221,0.0,0.0,2.691838088918381,0.0,-0.6263770292967372,0.0,-1.2403757694101287,0.4654990225793156,-0.6816806276591585,1,0.8300000000000001,0.37526167852595643,1,0.8300000000000001,0.37526167852595643,-0.31327112829749976,False
50,36.1413612565445,EBL,38.659574468085104,35.39772727272727,under,35.5,lost,1.83,50.0,0.0,0.0,0.0,-0.7760435577368519,1.2815801036603958,0.0,0.0,-0.468056459937813,0.0,-1.057365285027263,0,-1.0,0.3726834095880141,0,-1.0,0.3726834095880141,-0.3179893604539342,False
30,30.12878787878788,LVP SL,28.45833333333333,29.692307692307693,under,27.5,lost,1.83,30.0,0.0,0.5609560677137821,0.0,-0.7760435577368519,-0.8095983863874423,1.0853159537389274,0.9020397066897204,-0.468056459937813,1.7827561319782248,1.120551452057974,0,-1.0,0.35133418660216004,0,-1.0,0.35133418660216004,-0.35705843851804714,False
26,28.83148148148148,LCK,34.19230769230769,30.83739837398374,under,31.5,won,1.83,26.0,0.0,0.0,0.0,0.0,-1.0617142411045393,0.0,0.9020397066897204,0.7520050888007717,0.0,1.7827561319782248,1,0.8300000000000001,0.3466650833393879,1,0.8300000000000001,0.3466650833393879,-0.36560289748892016,False
54,33.06190476190476,NLC,30.6,36.78260869565217,under,33.5,lost,1.83,54.0,0.0,0.0,1.256750867247696,0.0,1.0853159537389274,0.0,-2.378273094861868,0.5231029362444133,1.120551452057974,-0.9659723665617116,0,-1.0,0.34567870884049473,0,-1.0,0.34567870884049473,-0.3674079628218947,False
40,33.0375,TCL,34.9264705882353,30.63636363636364,under,31.5,lost,1.83,40.0,0.5609560677137821,0.0,-1.0332368361565436,0.0,-1.1986585288014666,0.6655385399034301,-0.468056459937813,0.9020397066897204,1.7827561319782248,0.4654990225793156,0,-1.0,0.34373170560615945,0,-1.0,0.34373170560615945,-0.3709709787407281,False
41,36.1413612565445,EBL,30.842508710801393,30.5,under,41.5,won,1.8,35.0,0.0,-0.5685724682663711,1.0984264443831435,0.0,0.0,0.0,0.7520050888007717,-0.8113044475574895,1.7827561319782248,0.0,1,0.8,0.34371002611673124,1,0.8300000000000001,0.34371002611673124,-0.37101065220638185,False
25,28.83148148148148,LCK,30.842508710801393,30.5,under,30.5,lost,1.83,51.0,0.5609560677137821,0.0,1.757209358869801,-0.7760435577368519,0.0,1.2815801036603958,0.7520050888007717,0.9020397066897204,0.0,-1.057365285027263,0,-1.0,0.34326993610680934,0,-1.0,0.34326993610680934,-0.3718160169245389,False
40,35.46153846153846,HLL,34.88709677419355,35.36538461538461,under,36.5,lost,1.83,40.0,0.0,0.5609560677137821,-0.64039106873566,-1.0332368361565436,0.0,-1.1986585288014666,0.9020397066897204,-0.468056459937813,1.120551452057974,1.7827561319782248,0,-1.0,0.3427022962592334,0,-1.0,0.3427022962592334,-0.3728547978456028,False
28,31.37037037037037,CD,28.23684210526316,28.08695652173913,under,31.5,won,1.83,28.0,0.0,0.5609560677137821,-0.751940118689614,-0.6320467219229506,0.6655385399034301,0.0,0.0,0.0,1.7827561319782248,4.1582595287502215,1,0.8300000000000001,0.3393783804677922,1,0.8300000000000001,0.3393783804677922,-0.37893756374394033,False
31,33.23076923076923,ROL,31.301369863013697,32.895833333333336,under,31.5,won,1.83,31.0,1.2452748960137257,0.0,-0.7760435577368519,0.0,0.0,-0.6263770292967372,0.0,0.5231029362444133,1.120551452057974,1.7827561319782248,1,0.8300000000000001,0.3342266231565887,1,0.8300000000000001,0.3342266231565887,-0.3883652796234427,False
36,33.06190476190476,NLC,29.694444444444443,30.6,under,32.5,lost,1.83,36.0,0.5609560677137821,0.0,0.0,1.0984264443831435,0.0,0.0,-0.8113044475574895,0.7520050888007717,1.7827561319782248,0.4654990225793156,0,-1.0,0.32036949215747623,0,-1.0,0.32036949215747623,-0.41372382935181845,False
35,31.37037037037037,CD,28.08695652173913,27.711111111111112,under,30.5,lost,1.9,35.0,0.0,0.0,1.256750867247696,0.0,-0.8095983863874423,1.2815801036603958,0.9020397066897204,0.0,0.4654990225793156,1.7827561319782248,0,-1.0,0.32012646312760007,0,-1.0,0.32012646312760007,-0.41416857247649186,False
26,33.0375,TCL,34.9264705882353,30.82258064516129,under,33.5,won,1.83,26.0,0.0,0.0,0.0,0.0,0.0,-0.6263770292967372,0.9020397066897204,0.5231029362444133,1.7827561319782248,0.4654990225793156,1,0.8300000000000001,0.31601234774232806,1,0.8300000000000001,0.31601234774232806,-0.4216974036315397,False
50,33.23076923076923,ROL,33.214285714285715,35.46,under,35.5,lost,1.83,50.0,-0.5685724682663711,0.0,0.8434335133614894,-0.6320467219229506,-0.8095983863874423,0.6655385399034301,0.9020397066897204,-0.8113044475574895,0.4654990225793156,1.120551452057974,0,-1.0,0.2954576409845505,0,-1.0,0.2954576409845505,-0.4593125169982725,False
36,35.46153846153846,HLL,33.77777777777778,35.36538461538461,under,35.5,lost,1.83,36.0,-0.5685724682663711,1.2452748960137257,-0.7760435577368519,0.0,0.0,-0.8095983863874423,0.5231029362444133,0.0,1.120551452057974,1.7827561319782248,0,-1.0,0.2940435491133324,0,-1.0,0.2940435491133324,-0.46190030512260166,False
37,28.83148148148148,LCK,30.842508710801393,30.5,under,32.5,lost,1.83,37.0,0.5609560677137821,0.0,2.398789960576132,0.0,-0.8095983863874423,0.0,0.9020397066897204,0.7520050888007717,-1.078880905409381,1.7827561319782248,0,-1.0,0.28933138530869257,0,-1.0,0.28933138530869257,-0.4705235648850926,False
35,30.07286432160804,LPL,35.0,30.5,under,33.5,lost,1.83,35.0,0.0,0.0,-0.6320467219229506,1.256750867247696,0.0,1.2815801036603958,0.0,0.9020397066897204,1.7827561319782248,-1.057365285027263,0,-1.0,0.27903946443592975,0,-1.0,0.27903946443592975,-0.4893577800822485,False
21,33.06190476190476,NLC,35.6,31.42528735632184,under,34.5,won,1.83,21.0,0.0,0.0,-0.6320467219229506,0.8434335133614894,1.0853159537389274,1.2815801036603958,0.9020397066897204,0.7520050888007717,-1.1261807448375052,1.7827561319782248,1,0.8300000000000001,0.2730397162839868,1,0.8300000000000001,0.2730397162839868,-0.5003373192003041,False
43,35.46153846153846,HLL,34.88709677419355,35.36538461538461,under,36.5,lost,1.83,43.0,0.0,0.0,0.0,1.0984264443831435,0.6655385399034301,0.0,0.5231029362444133,0.0,0.0,0.4654990225793156,0,-1.0,0.2661905072174523,0,-1.0,0.2661905072174523,-0.5128713717920623,False
40,30.07286432160804,LPL,37.85714285714285,30.5,under,35.5,lost,1.83,40.0,0.0,0.0,1.256750867247696,-0.7760435577368519,0.0,0.0,0.0,0.5231029362444133,1.7827561319782248,0.4654990225793156,0,-1.0,0.2541240043514984,0,-1.0,0.2541240043514984,-0.5349530720367579,False
41,33.23076923076923,ROL,35.160714285714285,33.214285714285715,under,34.5,lost,1.83,41.0,-0.5685724682663711,0.0,1.0984264443831435,1.256750867247696,-0.8095983863874423,0.6655385399034301,0.0,0.9020397066897204,-0.9659723665617116,1.7827561319782248,0,-1.0,0.24332165472997466,0,-1.0,0.24332165472997466,-0.5547213718441464,False
35,30.07286432160804,LPL,39.15384615384615,32.54761904761905,under,36.5,won,1.83,35.0,0.0,0.0,1.256750867247696,0.0,0.0,0.0,0.7520050888007717,0.9020397066897204,0.4654990225793156,0.0,1,0.8300000000000001,0.2317880890343007,1,0.8300000000000001,0.2317880890343007,-0.5758277970672296,False
39,30.07286432160804,LPL,39.888888888888886,38.0,under,35.5,lost,1.83,38.0,0.0,3.528201725282017,0.0,0.0,-0.6263770292967372,1.0853159537389274,0.9020397066897204,-1.4326523672446747,0.0,-1.842584791571916,0,-1.0,0.17344911053785883,0,-1.0,0.17344911053785883,-0.6825881277157183,False
50,30.07286432160804,LPL,45.0,30.5,under,38.5,lost,1.83,50.0,2.561535058615348,0.0,1.0984264443831435,-1.0332368361565436,0.0,1.8913858048840095,-1.2403757694101287,-0.8113044475574895,1.120551452057974,0.0,0,-1.0,0.14240899090807038,0,-1.0,0.14240899090807038,-0.7393915466382313,False
