total_kills,league_mean_kills,league,mean_total_kills_t1,mean_total_kills_t2,bet_line,bet_value,bet_status,house_odds,actual_value,impact_top_t1,impact_top_t2,impact_jung_t1,impact_jung_t2,impact_mid_t1,impact_mid_t2,impact_adc_t1,impact_adc_t2,impact_sup_t1,impact_sup_t2
35,30.07286432160804,LPL,39.15384615384615,32.54761904761905,under,36.5,won,1.83,35.0,0.0,0.0,1.2567508672476961,0.0,0.0,0.0,0.7520050888007717,0.9020397066897203,0.46549902257931564,0.0
22,30.07286432160804,LPL,39.15384615384615,32.54761904761905,under,36.5,won,1.83,22.0,1.2452748960137257,0.0,-0.751940118689614,0.0,0.0,2.339012536092831,-1.4326523672446747,0.5231029362444133,-2.2426813296105834,-1.078880905409381
29,28.831481481481482,LCK,27.804347826086957,29.50515463917526,over,25.5,won,1.83,29.0,0.0,-1.5721442954792302,0.0,-0.6320467219229506,0.0,0.0,0.0,0.7520050888007717,-0.9659723665617115,0.46549902257931564
32,28.831481481481482,LCK,27.804347826086957,29.50515463917526,over,25.5,won,1.83,32.0,-0.8659941634725179,0.0,-1.9946898409830425,0.0,-0.6263770292967372,0.0,0.0,0.0,0.0,-0.6816806276591585
26,27.25563909774436,LCP,27.753846153846155,25.638297872340427,under,24.5,lost,1.83,26.0,0.0,0.5609560677137821,0.0,0.0,0.6655385399034301,0.0,0.7520050888007717,0.0,1.7827561319782248,0.0
19,27.25563909774436,LCP,27.753846153846155,25.638297872340427,under,24.5,won,1.83,19.0,-0.5685724682663711,0.0,-2.4473084787996164,0.8434335133614894,-1.234138311281054,0.0,0.0,-0.468056459937813,1.120551452057974,0.46549902257931564
29,33.0375,TCL,34.71621621621622,32.64556962025316,over,32.5,lost,1.83,29.0,0.5609560677137821,0.0,0.0,0.0,0.0,0.6655385399034301,0.0,0.9020397066897203,0.46549902257931564,1.120551452057974
37,33.0375,TCL,34.71621621621622,32.64556962025316,over,32.5,won,1.83,37.0,1.2452748960137257,-1.5721442954792302,1.2567508672476961,-0.751940118689614,-1.0617142411045393,0.0,-0.468056459937813,-1.0421821869666132,-1.078880905409381,-1.842584791571916
18,30.590579710144926,NACL,28.80851063829787,29.92105263157895,over,27.5,lost,1.83,18.0,0.0,0.0,0.0,0.0,-1.0617142411045393,0.0,0.0,0.0,-1.1261807448375052,-3.700805908305771
24,30.590579710144926,NACL,28.80851063829787,29.92105263157895,over,27.5,lost,1.83,24.0,-0.8659941634725179,0.0,0.0,-0.64039106873566,-1.234138311281054,0.0,0.9020397066897203,-1.4326523672446747,-0.6816806276591585,-1.078880905409381
25,27.82010582010582,LTA N,29.026315789473685,27.444444444444443,under,27.5,won,1.83,25.0,0.0,0.5609560677137821,1.2567508672476961,-0.751940118689614,0.0,-1.0617142411045393,0.7520050888007717,0.9020397066897203,-0.6816806276591585,-0.9659723665617115
45,27.82010582010582,LTA N,29.026315789473685,27.444444444444443,under,27.5,lost,1.83,45.0,-1.5721442954792302,3.528201725282017,0.0,0.0,-0.8095983863874423,0.6655385399034301,-0.468056459937813,0.0,1.120551452057974,0.46549902257931564
30,27.14814814814815,LEC,27.384615384615383,26.66304347826087,under,27.5,lost,1.83,30.0,0.5609560677137821,0.0,0.0,0.0,0.0,0.0,-0.468056459937813,-0.9130980650743759,-1.1261807448375052,0.46549902257931564
36,27.14814814814815,LEC,27.384615384615383,26.66304347826087,under,27.5,lost,1.83,36.0,0.0,0.0,-0.64039106873566,1.2567508672476961,-1.1986585288014666,1.2815801036603958,-1.0421821869666132,0.0,1.120551452057974,0.0
27,30.07286432160804,LPL,28.474074074074075,29.010204081632654,under,29.5,won,1.83,27.0,0.0,-1.5721442954792302,0.0,1.2567508672476961,0.6655385399034301,0.0,-0.9130980650743759,-0.468056459937813,-1.1261807448375052,-0.6816806276591585
27,30.07286432160804,LPL,28.474074074074075,29.010204081632654,under,29.5,won,1.83,27.0,-0.5685724682663711,-1.155716943849221,-0.751940118689614,-0.7760435577368519,0.0,0.0,0.0,0.0,-1.7642883932950575,0.0
52,36.219858156028366,VCS,33.810810810810814,42.142857142857146,over,35.5,won,1.83,52.0,0.0,0.0,0.0,-0.751940118689614,0.6655385399034301,0.0,0.7520050888007717,0.9020397066897203,1.7827561319782248,0.0
19,29.229559748427672,LFL,25.976470588235294,29.155555555555555,under,28.5,won,1.83,19.0,0.5609560677137821,0.0,0.0,-0.751940118689614,0.0,0.0,-0.468056459937813,0.0,-1.1261807448375052,1.7827561319782248
13,29.229559748427672,LFL,25.976470588235294,29.155555555555555,under,28.5,won,1.83,13.0,0.0,2.6805826776629686,-1.0332368361565436,-0.7760435577368519,-1.234138311281054,0.0,0.0,0.0,-0.9659723665617115,0.46549902257931564
29,36.1413612565445,EBL,31.586206896551722,35.189655172413794,under,33.5,won,1.83,29.0,0.0,0.0,0.0,-0.6320467219229506,0.0,0.0,0.7520050888007717,0.9020397066897203,-1.1261807448375052,-0.6816806276591585
29,36.1413612565445,EBL,31.586206896551722,35.189655172413794,under,33.5,won,1.83,29.0,-0.8659941634725179,0.0,-0.64039106873566,-1.0332368361565436,-0.8095983863874423,0.6655385399034301,0.0,0.0,1.120551452057974,0.46549902257931564
25,36.219858156028366,VCS,42.142857142857146,33.142857142857146,over,35.5,lost,1.83,25.0,-0.8659941634725179,0.0,1.2567508672476961,0.0,0.0,0.6655385399034301,0.7520050888007717,0.0,-0.6816806276591585,0.46549902257931564
31,36.219858156028366,VCS,42.142857142857146,33.142857142857146,over,35.5,lost,1.83,31.0,0.5609560677137821,0.0,-0.7760435577368519,0.0,-1.234138311281054,0.0,0.0,-0.9130980650743759,-0.9659723665617115,1.7827561319782248
58,33.0375,TCL,33.97560975609756,34.71621621621622,over,36.5,won,1.83,58.0,0.0,0.0,0.0,1.757209358869801,0.6655385399034301,0.0,0.0,0.5231029362444133,1.7827561319782248,0.46549902257931564
30,33.0375,TCL,33.97560975609756,34.71621621621622,over,36.5,lost,1.83,30.0,0.5609560677137821,0.0,-0.751940118689614,0.8434335133614894,-0.8095983863874423,0.0,0.0,-0.468056459937813,-0.9659723665617115,1.120551452057974
31,30.07286432160804,LPL,31.733766233766232,31.208695652173912,under,32.5,won,1.83,31.0,0.0,0.0,0.0,1.2567508672476961,0.6655385399034301,0.0,0.0,-1.0421821869666132,-1.7642883932950575,-1.842584791571916
27,30.07286432160804,LPL,31.733766233766232,31.208695652173912,under,32.5,won,1.83,27.0,-1.5721442954792302,0.0,0.0,0.0,0.0,1.2815801036603958,-0.9130980650743759,0.5231029362444133,-1.1261807448375052,1.7827561319782248
22,27.25563909774436,LCP,27.753846153846155,,under,25.5,won,1.83,22.0,-0.5685724682663711,-1.5721442954792302,1.2567508672476961,0.0,0.0,0.0,-0.9130980650743759,0.0,-1.1261807448375052,-0.6816806276591585
19,27.25563909774436,LCP,27.753846153846155,,under,25.5,won,1.83,19.0,0.5609560677137821,0.0,-1.0332368361565436,-0.7760435577368519,-1.234138311281054,0.0,0.0,-1.0421821869666132,-1.7642883932950575,0.0
25,31.37037037037037,CD,33.170212765957444,29.982142857142858,over,29.5,lost,1.83,25.0,0.0,0.0,0.0,0.0,0.0,0.6655385399034301,-0.468056459937813,0.0,-0.9659723665617115,1.7827561319782248
39,31.37037037037037,CD,33.170212765957444,29.982142857142858,over,29.5,won,1.83,39.0,0.5609560677137821,0.0,-0.751940118689614,-0.64039106873566,0.0,1.2815801036603958,-0.9130980650743759,0.9020397066897203,-1.1261807448375052,0.46549902257931564
37,36.219858156028366,VCS,33.142857142857146,36.76923076923077,over,32.5,won,1.83,37.0,0.0,0.5609560677137821,0.0,0.0,0.0,-1.0617142411045393,0.0,0.9020397066897203,-0.9659723665617115,-1.078880905409381
28,36.219858156028366,VCS,33.142857142857146,36.76923076923077,over,32.5,lost,1.83,28.0,0.0,0.0,-0.7760435577368519,-0.751940118689614,0.0,0.0,0.0,-0.8113044475574895,0.0,0.46549902257931564
31,30.07286432160804,LPL,31.208695652173912,31.696969696969695,under,32.5,won,1.83,31.0,0.5609560677137821,0.0,1.2567508672476961,0.0,0.0,-0.8095983863874423,-0.9130980650743759,-1.0421821869666132,-1.1261807448375052,-1.842584791571916
42,30.07286432160804,LPL,31.208695652173912,31.696969696969695,under,32.5,lost,1.83,42.0,0.0,0.0,-0.751940118689614,0.0,0.6655385399034301,0.0,0.0,0.0,1.7827561319782248,-0.9659723665617115
28,36.219858156028366,VCS,33.142857142857146,33.810810810810814,under,35.5,won,1.83,28.0,0.0,-1.155716943849221,-1.9946898409830425,0.0,-0.8095983863874423,0.0,0.7520050888007717,0.9020397066897203,-0.6816806276591585,0.46549902257931564
24,36.219858156028366,VCS,33.142857142857146,33.810810810810814,under,35.5,won,1.83,24.0,0.0,0.5609560677137821,0.0,0.0,0.0,0.0,0.0,0.0,-0.9659723665617115,-3.700805908305771
46,36.219858156028366,VCS,39.1875,42.142857142857146,over,35.5,won,1.83,46.0,0.0,0.0,0.0,0.0,0.0,0.0,0.0,-0.468056459937813,1.120551452057974,0.0
52,36.219858156028366,VCS,39.1875,42.142857142857146,over,35.5,won,1.83,52.0,0.0,0.0,0.0,-0.7760435577368519,0.0,0.0,0.9020397066897203,0.7520050888007717,0.0,1.7827561319782248
31,36.13903743315508,LJL,32.22950819672131,38.490566037735846,under,34.5,won,1.83,31.0,-1.5721442954792302,0.0,0.0,0.0,0.0,0.0,0.0,0.7520050888007717,1.7827561319782248,-1.842584791571916
32,27.25563909774436,LCP,26.914893617021278,27.753846153846155,under,25.5,lost,1.9,32.0,0.5609560677137821,0.0,-1.0332368361565436,0.0,-1.3000811030008101,0.6655385399034301,0.0,-1.0421821869666132,1.7827561319782248,-1.842584791571916
29,27.25563909774436,LCP,26.914893617021278,27.753846153846155,under,25.5,lost,1.9,29.0,1.2452748960137257,0.0,0.0,0.0,0.0,0.0,0.0,-0.9130980650743759,0.0,-1.1261807448375052
20,27.809278350515463,LTA S,28.980392156862745,28.763157894736842,under,28.5,won,1.83,20.0,0.0,0.0,0.0,0.0,-0.8095983863874423,0.6655385399034301,-0.9130980650743759,0.7520050888007717,-1.1261807448375052,0.0
44,27.809278350515463,LTA S,28.980392156862745,28.763157894736842,under,28.5,lost,1.83,44.0,0.5609560677137821,-1.155716943849221,0.0,-0.7760435577368519,-0.6263770292967372,0.0,0.0,-0.468056459937813,0.46549902257931564,-0.6816806276591585
34,32.79136690647482,LIT,34.16326530612245,32.0,over,27.5,won,1.83,34.0,-1.155716943849221,0.0,-0.6320467219229506,0.0,0.6655385399034301,0.0,-0.9130980650743759,0.5231029362444133,1.120551452057974,-0.9659723665617115
23,33.23076923076923,ROL,32.895833333333336,33.36363636363637,over,33.5,lost,1.83,23.0,0.5609560677137821,0.0,-1.0332368361565436,0.0,-1.3000811030008101,-0.6263770292967372,0.0,-0.8113044475574895,-1.1261807448375052,0.46549902257931564
27,33.06190476190476,NLC,35.6,30.6,under,34.5,won,1.83,27.0,-1.155716943849221,0.0,0.0,-0.7760435577368519,0.6655385399034301,-1.0617142411045393,0.7520050888007717,-0.8113044475574895,0.0,0.0
38,33.06190476190476,NLC,30.29824561403509,36.78260869565217,under,31.5,lost,1.83,38.0,-1.5721442954792302,-0.5685724682663711,1.0984264443831435,-0.7760435577368519,-0.8095983863874423,0.0,-2.3782730948618678,0.7520050888007717,1.120551452057974,-0.6816806276591585
32,32.79136690647482,LIT,34.16326530612245,32.285714285714285,over,29.5,won,1.83,32.0,-1.155716943849221,-0.5685724682663711,-0.6320467219229506,1.0984264443831435,0.6655385399034301,0.0,0.9020397066897203,0.0,0.46549902257931564,-0.9659723665617115
21,33.06190476190476,NLC,35.6,31.42528735632184,under,34.5,won,1.83,21.0,0.0,0.0,-0.6320467219229506,0.8434335133614894,1.0853159537389274,1.2815801036603958,0.9020397066897203,0.7520050888007717,-1.1261807448375052,1.7827561319782248
35,33.15511551155115,PRM,32.34375,30.884615384615383,under,33.5,lost,1.83,35.0,-1.155716943849221,-0.8659941634725179,1.0984264443831435,-0.7760435577368519,-0.8095983863874423,-1.0617142411045393,0.0,-0.468056459937813,-0.9659723665617115,0.46549902257931564
21,33.15511551155115,PRM,32.34375,30.884615384615383,under,33.5,won,1.83,21.0,0.0,0.0,1.2567508672476961,0.0,0.0,1.0853159537389274,-0.9130980650743759,0.5231029362444133,-1.1261807448375052,0.0
24,30.12878787878788,LVP SL,28.458333333333332,30.9811320754717,over,25.5,lost,1.83,24.0,0.0,0.0,-0.7760435577368519,-1.0332368361565436,0.0,0.0,0.9020397066897203,0.7520050888007717,1.7827561319782248,-0.9659723665617115
44,30.12878787878788,LVP SL,30.9811320754717,32.40909090909091,under,32.5,lost,1.83,44.0,0.5609560677137821,0.0,0.0,0.0,-0.8095983863874423,0.0,0.7520050888007717,0.9020397066897203,0.46549902257931564,0.0
21,30.590579710144926,NACL,31.5,31.08888888888889,over,29.5,lost,1.83,21.0,0.0,0.5609560677137821,-0.7760435577368519,0.0,-0.8095983863874423,0.6655385399034301,-2.3782730948618678,-0.9130980650743759,-0.9659723665617115,0.46549902257931564
28,30.590579710144926,NACL,31.08888888888889,30.5,over,29.5,lost,1.83,28.0,0.0,0.0,0.0,-0.7760435577368519,0.0,0.6655385399034301,0.0,0.0,-2.2426813296105834,-1.7642883932950575
14,30.07286432160804,LPL,28.474074074074075,31.208695652173912,under,30.5,won,1.83,14.0,0.0,0.0,1.2567508672476961,0.0,0.0,0.6655385399034301,-0.9130980650743759,-0.468056459937813,-1.1261807448375052,1.7827561319782248
26,30.07286432160804,LPL,28.474074074074075,31.208695652173912,under,30.5,won,1.83,26.0,0.5609560677137821,0.0,-0.64039106873566,-0.7760435577368519,-1.1986585288014666,0.0,0.0,-0.8113044475574895,0.0,1.120551452057974
13,36.219858156028366,VCS,35.59574468085106,36.76923076923077,over,33.5,lost,1.83,13.0,0.0,0.0,-0.6320467219229506,0.0,-0.8095983863874423,0.6655385399034301,0.0,-0.8113044475574895,-2.845292250621597,-0.6816806276591585
33,36.219858156028366,VCS,35.59574468085106,36.76923076923077,over,33.5,lost,1.83,33.0,-1.155716943849221,-0.8659941634725179,-0.751940118689614,-0.7760435577368519,0.0,-1.0617142411045393,-0.468056459937813,0.0,0.0,-1.1261807448375052
34,35.46153846153846,HLL,33.77777777777778,35.36538461538461,under,35.5,won,1.83,34.0,0.0,-1.155716943849221,-0.751940118689614,0.0,0.6655385399034301,0.0,0.7520050888007717,0.9020397066897203,-1.1261807448375052,0.46549902257931564
36,35.46153846153846,HLL,33.77777777777778,35.36538461538461,under,35.5,lost,1.83,36.0,-0.5685724682663711,1.2452748960137257,-0.7760435577368519,0.0,0.0,-0.8095983863874423,0.5231029362444133,0.0,1.120551452057974,1.7827561319782248
27,33.15511551155115,PRM,37.073170731707314,32.787234042553195,over,33.5,lost,1.83,27.0,-0.5685724682663711,-1.155716943849221,0.0,0.0,0.0,-0.8095983863874423,1.0830233897470123,-0.9130980650743759,-1.842584791571916,-3.700805908305771
31,33.15511551155115,PRM,37.073170731707314,32.787234042553195,over,33.5,lost,1.83,31.0,0.0,0.0,-0.7760435577368519,-0.6320467219229506,-1.0617142411045393,-0.6263770292967372,0.5231029362444133,0.9020397066897203,-0.9659723665617115,0.46549902257931564
43,35.73378839590443,AL,39.5625,32.50909090909091,over,35.5,won,1.83,43.0,0.0,0.5609560677137821,0.0,-0.7760435577368519,0.0,0.0,-0.9130980650743759,0.0,-1.1261807448375052,-1.842584791571916
28,35.73378839590443,AL,39.5625,32.50909090909091,over,35.5,lost,1.83,28.0,0.0,0.0,-1.9946898409830425,0.0,-0.6263770292967372,0.0,0.5231029362444133,0.0,0.0,-1.078880905409381
43,33.15511551155115,PRM,36.326530612244895,32.65277777777778,over,33.5,won,1.83,43.0,0.5609560677137821,-1.155716943849221,0.0,0.0,-0.8095983863874423,0.0,0.9020397066897203,-0.468056459937813,0.46549902257931564,-1.1261807448375052
28,33.15511551155115,PRM,36.326530612244895,32.65277777777778,over,33.5,lost,1.83,28.0,0.0,0.0,1.0984264443831435,-0.751940118689614,0.0,0.0,-0.8113044475574895,0.5231029362444133,-0.6816806276591585,1.120551452057974
19,30.07286432160804,LPL,26.885714285714286,29.010204081632654,under,27.5,won,1.83,19.0,0.0,0.5609560677137821,0.0,0.0,0.6655385399034301,0.0,-0.468056459937813,0.0,-0.9659723665617115,-0.6816806276591585
21,30.07286432160804,LPL,26.885714285714286,29.010204081632654,under,27.5,won,1.83,21.0,-1.155716943849221,-0.8659941634725179,0.0,-0.7760435577368519,-1.0617142411045393,0.0,0.0,-0.8113044475574895,1.7827561319782248,1.120551452057974
35,31.37037037037037,CD,33.170212765957444,29.982142857142858,over,29.5,won,1.83,35.0,0.5609560677137821,0.0,0.0,0.0,0.6655385399034301,0.0,0.5231029362444133,0.0,-0.6816806276591585,-1.078880905409381
27,31.37037037037037,CD,30.115384615384617,27.711111111111112,under,27.5,won,1.83,27.0,0.0,0.0,-0.7760435577368519,-0.6320467219229506,0.6655385399034301,0.0,0.7520050888007717,0.0,0.46549902257931564,-0.6816806276591585
30,28.831481481481482,LCK,30.847619047619048,29.489583333333332,over,28.5,won,1.83,30.0,0.0,0.0,1.757209358869801,-0.6320467219229506,0.0,0.6655385399034301,-0.468056459937813,-0.9130980650743759,-1.1261807448375052,1.7827561319782248
27,28.831481481481482,LCK,30.847619047619048,29.489583333333332,over,28.5,lost,1.83,27.0,-1.155716943849221,0.0,0.0,-0.7760435577368519,-0.8095983863874423,0.0,0.7520050888007717,0.0,-0.6816806276591585,0.0
20,28.831481481481482,LCK,31.92622950819672,30.83739837398374,over,30.5,lost,1.83,20.0,-1.155716943849221,0.5609560677137821,0.0,-1.0332368361565436,-0.8095983863874423,-1.1986585288014666,0.0,0.0,0.46549902257931564,-0.9659723665617115
25,28.831481481481482,LCK,31.92622950819672,30.83739837398374,over,30.5,lost,1.83,25.0,0.0,0.0,1.0984264443831435,-0.7760435577368519,0.6655385399034301,0.0,0.0,-0.8113044475574895,0.0,-0.6816806276591585
44,33.15511551155115,PRM,32.39622641509434,37.073170731707314,over,32.5,won,1.83,44.0,0.5609560677137821,0.0,0.0,0.0,0.6655385399034301,-1.0617142411045393,-0.9130980650743759,0.5231029362444133,0.46549902257931564,4.1582595287502215
41,33.15511551155115,PRM,32.39622641509434,37.073170731707314,over,32.5,won,1.83,41.0,-1.155716943849221,0.0,1.0984264443831435,-0.6320467219229506,-0.6263770292967372,0.0,0.7520050888007717,0.9020397066897203,-1.1261807448375052,1.7827561319782248
33,30.12878787878788,LVP SL,29.692307692307693,30.25925925925926,over,32.5,won,1.83,33.0,0.0,0.0,0.0,0.0,0.0,0.6655385399034301,-0.9130980650743759,-1.2403757694101287,-1.1261807448375052,0.46549902257931564
23,33.15511551155115,PRM,30.884615384615383,32.787234042553195,under,32.5,won,1.83,23.0,0.0,1.2452748960137257,0.0,0.0,0.6655385399034301,0.0,-0.9130980650743759,0.0,-1.842584791571916,-0.6816806276591585
30,33.15511551155115,PRM,30.884615384615383,32.787234042553195,under,32.5,won,1.83,30.0,0.0,-1.155716943849221,-0.7760435577368519,0.8434335133614894,-1.9393307422504513,0.0,0.7520050888007717,-0.8113044475574895,-0.9659723665617115,-1.1261807448375052
28,31.37037037037037,CD,30.115384615384617,28.08695652173913,under,27.5,lost,1.83,28.0,0.0,0.0,0.0,-1.0332368361565436,0.0,0.6655385399034301,0.0,-0.468056459937813,1.7827561319782248,0.46549902257931564
29,30.07286432160804,LPL,31.208695652173912,31.733766233766232,under,31.5,won,1.83,29.0,-1.155716943849221,0.0,-0.7760435577368519,0.0,-1.0617142411045393,0.6655385399034301,0.0,0.0,-0.6816806276591585,-0.9659723665617115
30,30.07286432160804,LPL,31.208695652173912,31.733766233766232,under,31.5,won,1.83,30.0,0.5609560677137821,0.0,0.0,-0.6320467219229506,0.0,1.2815801036603958,-0.9130980650743759,-0.8113044475574895,-1.1261807448375052,-1.057365285027263
25,35.46153846153846,HLL,33.76712328767123,35.36538461538461,under,36.5,won,1.83,25.0,0.5609560677137821,0.0,0.0,-0.6320467219229506,0.0,-1.0617142411045393,-0.468056459937813,0.7520050888007717,0.46549902257931564,-0.6816806276591585
28,34.5625,RL,31.918367346938776,38.3125,over,33.5,lost,1.83,28.0,2.5615350586153482,0.0,-0.6320467219229506,-2.0515084196455184,0.0,-0.8095983863874423,0.5231029362444133,0.9020397066897203,0.0,0.46549902257931564
51,34.5625,RL,31.918367346938776,38.3125,over,33.5,won,1.83,51.0,0.0,-0.5685724682663711,0.0,-0.7760435577368519,2.556370739366521,-0.6263770292967372,-1.4462880706363492,0.0,0.0,-1.1261807448375052
21,30.12878787878788,LVP SL,30.9811320754717,27.176470588235293,under,32.5,won,1.83,21.0,0.0,0.0,0.0,0.0,0.0,0.0,0.0,0.9020397066897203,-0.6816806276591585,-1.078880905409381
54,33.06190476190476,NLC,30.6,36.78260869565217,under,33.5,lost,1.83,54.0,0.0,0.0,1.2567508672476961,0.0,1.0853159537389274,0.0,-2.3782730948618678,0.5231029362444133,1.120551452057974,-0.9659723665617115
32,33.06190476190476,NLC,30.29824561403509,31.42528735632184,under,32.5,won,1.83,32.0,0.0,0.0,-2.4473084787996164,-1.0332368361565436,-0.8095983863874423,-1.234138311281054,0.0,-1.4462880706363492,-0.9659723665617115,-0.6816806276591585
22,28.831481481481482,LCK,31.322916666666668,29.489583333333332,over,28.5,lost,1.83,22.0,0.0,0.5609560677137821,-0.7760435577368519,-0.6320467219229506,-1.0617142411045393,-0.6263770292967372,0.7520050888007717,0.9020397066897203,0.0,0.46549902257931564
35,28.831481481481482,LCK,31.322916666666668,29.489583333333332,over,28.5,won,1.83,35.0,-1.155716943849221,0.0,-1.0332368361565436,1.0984264443831435,-0.8095983863874423,0.0,-0.9130980650743759,0.0,-1.1261807448375052,-0.6816806276591585
22,30.07286432160804,LPL,28.48175182481752,31.696969696969695,over,30.5,lost,1.83,22.0,-1.155716943849221,0.5609560677137821,-0.7760435577368519,-0.6320467219229506,-0.8095983863874423,0.0,-0.8113044475574895,0.0,-0.6816806276591585,-0.9659723665617115
39,30.07286432160804,LPL,28.48175182481752,31.696969696969695,over,30.5,won,1.83,39.0,-0.5685724682663711,0.0,-0.751940118689614,1.0984264443831435,-1.0617142411045393,-0.6263770292967372,0.7520050888007717,0.9020397066897203,0.46549902257931564,-1.1261807448375052
41,30.07286432160804,LPL,29.010204081632654,26.4,under,27.5,lost,1.83,41.0,0.0,0.0,0.0,1.0984264443831435,0.6655385399034301,0.0,-0.8113044475574895,0.7520050888007717,-0.6816806276591585,0.0
22,30.07286432160804,LPL,29.010204081632654,26.4,under,27.5,won,1.83,22.0,0.5609560677137821,0.0,0.0,0.0,-0.8095983863874423,-1.0617142411045393,0.0,-0.9130980650743759,-0.9659723665617115,-1.1261807448375052
34,33.06190476190476,NLC,34.935483870967744,29.694444444444443,under,33.5,lost,1.83,34.0,0.5609560677137821,-1.155716943849221,0.0,0.0,-0.8095983863874423,0.6655385399034301,-0.9130980650743759,0.9020397066897203,-1.1261807448375052,1.120551452057974
27,36.1413612565445,EBL,35.189655172413794,31.586206896551722,under,34.5,won,1.83,27.0,-0.5685724682663711,0.0,-1.0332368361565436,-0.6320467219229506,-0.6263770292967372,0.0,0.7520050888007717,0.9020397066897203,-0.6816806276591585,1.7827561319782248
36,36.1413612565445,EBL,35.189655172413794,31.586206896551722,under,34.5,lost,1.83,36.0,-1.155716943849221,-0.8659941634725179,0.0,0.0,-0.8095983863874423,0.6655385399034301,-1.2403757694101287,-0.8113044475574895,-1.1261807448375052,0.0
18,30.12878787878788,LVP SL,28.458333333333332,31.548076923076923,under,32.5,won,1.83,18.0,0.0,-0.8659941634725179,0.0,-1.0332368361565436,0.0,0.0,0.7520050888007717,-0.468056459937813,-1.078880905409381,1.120551452057974
25,32.79136690647482,LIT,32.285714285714285,32.476190476190474,over,27.5,lost,1.83,25.0,-0.5685724682663711,0.0,0.0,0.0,-1.0617142411045393,0.0,0.0,-0.8113044475574895,0.0,0.46549902257931564
21,33.06190476190476,NLC,32.016666666666666,29.694444444444443,under,31.5,won,1.83,21.0,0.0,0.0,-0.7760435577368519,0.0,0.6655385399034301,1.0853159537389274,0.0,-0.9130980650743759,0.46549902257931564,-1.1261807448375052
32,30.12878787878788,LVP SL,30.9811320754717,27.19298245614035,under,32.5,won,1.83,32.0,0.0,0.0,-0.6320467219229506,0.0,1.0853159537389274,1.2815801036603958,-0.9130980650743759,0.0,-1.1261807448375052,0.46549902257931564
30,30.590579710144926,NACL,31.08888888888889,27.07843137254902,over,27.5,won,1.83,30.0,0.5609560677137821,0.0,-0.7760435577368519,-0.6320467219229506,-0.6263770292967372,0.0,0.5231029362444133,0.0,-1.1261807448375052,0.46549902257931564
32,30.590579710144926,NACL,31.32758620689655,33.285714285714285,under,29.5,lost,1.83,32.0,0.0,0.0,-1.0332368361565436,-0.6320467219229506,-1.234138311281054,0.0,0.9020397066897203,0.7520050888007717,-1.1261807448375052,-1.057365285027263
29,33.0375,TCL,29.928571428571427,30.636363636363637,under,29.5,won,1.83,29.0,0.0,0.5609560677137821,-0.64039106873566,0.0,-1.1986585288014666,0.0,-0.468056459937813,0.9020397066897203,0.46549902257931564,1.120551452057974
34,34.5625,RL,35.397260273972606,38.3125,over,32.5,won,1.83,34.0,0.0,0.0,-0.7760435577368519,0.0,0.0,-0.8095983863874423,0.0,0.5231029362444133,-1.7642883932950575,1.120551452057974
38,34.5625,RL,35.397260273972606,38.3125,over,32.5,won,1.83,38.0,0.0,0.0,1.757209358869801,1.0984264443831435,0.0,-0.6263770292967372,0.9020397066897203,-0.8113044475574895,0.0,-1.057365285027263
27,29.229559748427672,LFL,25.976470588235294,26.232558139534884,under,27.5,won,1.83,27.0,-1.155716943849221,0.0,-0.6320467219229506,-0.7760435577368519,0.6655385399034301,1.0853159537389274,0.7520050888007717,0.9020397066897203,0.46549902257931564,1.7827561319782248
21,29.229559748427672,LFL,25.976470588235294,26.232558139534884,under,27.5,won,1.83,21.0,0.0,0.0,0.0,0.0,0.0,0.0,-1.0421821869666132,0.5231029362444133,0.0,-2.2426813296105834
40,32.79136690647482,LIT,34.16326530612245,32.476190476190474,over,28.5,won,1.83,40.0,0.0,-1.155716943849221,-0.7760435577368519,0.0,0.6655385399034301,0.0,-0.468056459937813,-1.4326523672446747,-1.078880905409381,1.7827561319782248
30,36.1413612565445,EBL,38.659574468085104,35.39772727272727,under,35.5,won,1.83,30.0,-0.5685724682663711,0.0,-2.4473084787996164,-0.6320467219229506,-0.8095983863874423,1.0853159537389274,-0.9130980650743759,0.0,1.7827561319782248,-1.1261807448375052
50,36.1413612565445,EBL,38.659574468085104,35.39772727272727,under,35.5,lost,1.83,50.0,0.0,0.0,0.0,-0.7760435577368519,1.2815801036603958,0.0,0.0,-0.468056459937813,0.0,-1.057365285027263
25,32.79136690647482,LIT,32.285714285714285,32.0,over,27.5,lost,1.83,25.0,0.0,0.0,0.0,-1.9946898409830425,0.0,0.6655385399034301,0.0,0.0,1.7827561319782248,1.120551452057974
29,30.590579710144926,NACL,31.32758620689655,28.80851063829787,under,30.5,won,1.83,29.0,-0.5685724682663711,0.0,0.0,0.0,0.6655385399034301,-0.8095983863874423,0.9020397066897203,0.0,-1.1261807448375052,-1.057365285027263
26,30.590579710144926,NACL,32.1,30.5,under,31.5,won,1.83,26.0,0.5609560677137821,0.0,-0.6320467219229506,-0.7760435577368519,0.0,0.6655385399034301,0.0,0.9020397066897203,0.0,-1.057365285027263
18,30.07286432160804,LPL,31.225225225225227,26.885714285714286,under,28.5,won,1.83,18.0,0.0,0.5609560677137821,0.0,-0.7760435577368519,0.6655385399034301,0.0,0.0,-0.468056459937813,0.46549902257931564,-0.9659723665617115
11,30.07286432160804,LPL,31.225225225225227,26.885714285714286,under,28.5,won,1.83,11.0,0.0,-1.5721442954792302,1.0984264443831435,0.0,0.0,-0.6263770292967372,0.7520050888007717,0.9020397066897203,-0.6816806276591585,-1.1261807448375052
43,35.46153846153846,HLL,34.88709677419355,35.36538461538461,under,36.5,lost,1.83,43.0,0.0,0.0,0.0,1.0984264443831435,0.6655385399034301,0.0,0.5231029362444133,0.0,0.0,0.46549902257931564
40,35.46153846153846,HLL,34.88709677419355,35.36538461538461,under,36.5,lost,1.83,40.0,0.0,0.5609560677137821,-0.64039106873566,-1.0332368361565436,0.0,-1.1986585288014666,0.9020397066897203,-0.468056459937813,1.120551452057974,1.7827561319782248
19,27.25563909774436,LCP,25.638297872340427,30.333333333333332,under,26.5,won,1.83,19.0,-1.155716943849221,0.0,-0.7760435577368519,-0.6320467219229506,0.0,0.0,0.7520050888007717,0.0,0.46549902257931564,-0.9659723665617115
24,27.25563909774436,LCP,25.638297872340427,30.333333333333332,under,26.5,won,1.83,24.0,0.0,0.0,-2.0515084196455184,-1.0332368361565436,-0.8095983863874423,-1.1986585288014666,-0.9130980650743759,-0.8113044475574895,-1.1261807448375052,1.7827561319782248
32,33.15511551155115,PRM,32.34375,37.073170731707314,over,30.5,won,1.83,32.0,0.5609560677137821,0.0,-0.7760435577368519,-0.64039106873566,-0.8095983863874423,-1.1986585288014666,-0.9130980650743759,0.0,-1.1261807448375052,1.120551452057974
48,33.15511551155115,PRM,32.34375,37.073170731707314,over,30.5,won,1.83,48.0,0.0,0.0,0.0,0.0,0.0,0.0,-0.8113044475574895,0.0,-0.6816806276591585,1.7827561319782248
24,27.82010582010582,LTA N,27.833333333333332,30.838709677419356,over,28.5,lost,1.83,24.0,0.5609560677137821,0.0,0.0,-0.6320467219229506,0.6655385399034301,0.0,0.0,0.0,0.46549902257931564,-0.9659723665617115
37,27.82010582010582,LTA N,27.833333333333332,30.838709677419356,over,28.5,won,1.83,37.0,-1.155716943849221,-0.5685724682663711,1.0984264443831435,-0.7760435577368519,-0.6263770292967372,-1.0617142411045393,0.0,-0.468056459937813,1.7827561319782248,-0.6816806276591585
23,38.55115511551155,PCS,32.96,36.86153846153846,under,36.5,won,1.83,23.0,0.0,0.0,1.0984264443831435,-0.6320467219229506,-1.0617142411045393,-0.8095983863874423,0.7520050888007717,-0.8113044475574895,0.0,-0.9659723665617115
33,38.55115511551155,PCS,32.96,36.86153846153846,under,36.5,won,1.83,33.0,0.0,0.0,-0.7760435577368519,0.0,0.0,0.0,-0.468056459937813,0.0,-0.6816806276591585,-1.842584791571916
25,30.07286432160804,LPL,31.733766233766232,28.48175182481752,over,28.5,lost,1.83,25.0,0.0,0.5609560677137821,-0.6320467219229506,-1.0332368361565436,-0.8095983863874423,-1.1986585288014666,-0.8113044475574895,-1.2403757694101287,-0.6816806276591585,-1.1261807448375052
27,30.07286432160804,LPL,31.733766233766232,28.48175182481752,over,28.5,lost,1.83,27.0,-1.155716943849221,-0.8659941634725179,1.0984264443831435,0.0,0.6655385399034301,-0.6263770292967372,0.0,0.0,1.7827561319782248,0.46549902257931564
31,31.37037037037037,CD,32.355932203389834,27.711111111111112,under,31.5,won,1.83,31.0,0.5609560677137821,-1.155716943849221,-0.7760435577368519,0.0,0.0,0.0,-0.9130980650743759,0.0,-1.1261807448375052,0.46549902257931564
29,31.37037037037037,CD,28.236842105263158,30.115384615384617,under,30.5,won,1.9,29.0,0.5609560677137821,0.0,-0.6320467219229506,0.0,0.6655385399034301,0.0,-0.8113044475574895,-1.4326523672446747,-1.1261807448375052,1.7827561319782248
29,31.37037037037037,CD,28.08695652173913,30.81132075471698,under,30.5,won,1.8,29.0,0.0,0.0,1.0984264443831435,0.0,-0.8095983863874423,0.0,-0.8113044475574895,0.9020397066897203,-1.078880905409381,-0.6816806276591585
32,31.37037037037037,CD,29.982142857142858,33.1764705882353,over,31.5,won,1.83,32.0,0.0,0.5609560677137821,1.2567508672476961,0.0,-0.6263770292967372,0.0,0.9020397066897203,0.7520050888007717,0.46549902257931564,-0.6816806276591585
31,31.37037037037037,CD,33.170212765957444,29.923076923076923,under,31.5,won,1.83,31.0,0.0,0.0,-2.0515084196455184,-0.6320467219229506,0.0,0.0,-0.8113044475574895,0.0,-0.6816806276591585,0.0
23,28.831481481481482,LCK,29.489583333333332,29.98095238095238,over,28.5,lost,1.83,23.0,0.0,-0.5685724682663711,0.0,0.0,0.0,0.6655385399034301,0.5231029362444133,0.0,0.46549902257931564,-0.9659723665617115
31,28.831481481481482,LCK,29.489583333333332,29.98095238095238,over,28.5,won,1.83,31.0,0.0,0.5609560677137821,0.0,-0.6320467219229506,-1.9393307422504513,0.0,0.0,0.9020397066897203,-0.6816806276591585,-1.078880905409381
43,30.07286432160804,LPL,31.208695652173912,31.696969696969695,over,28.5,won,1.83,43.0,0.0,0.0,-0.7760435577368519,0.0,0.6655385399034301,0.0,0.5231029362444133,0.0,0.46549902257931564,-0.6816806276591585
36,30.07286432160804,LPL,31.208695652173912,31.696969696969695,over,28.5,won,1.83,36.0,0.0,0.5609560677137821,-1.9946898409830425,0.0,-0.6263770292967372,0.0,-0.468056459937813,0.0,-1.057365285027263,0.0
50,34.5625,RL,34.69892473118279,38.3125,over,29.5,won,1.83,50.0,0.0,0.0,-0.6320467219229506,-1.9946898409830425,0.0,-0.8095983863874423,0.0,0.7520050888007717,1.7827561319782248,-1.842584791571916
42,34.5625,RL,34.69892473118279,38.3125,over,29.5,won,1.83,42.0,0.0,0.0,-0.7760435577368519,0.0,0.0,0.0,-0.468056459937813,0.5231029362444133,-0.6816806276591585,-1.1261807448375052
32,30.12878787878788,LVP SL,30.9811320754717,30.25925925925926,over,30.5,won,1.83,36.0,0.0,0.0,1.0984264443831435,0.0,-0.8095983863874423,0.0,0.0,0.0,0.46549902257931564,0.0
29,31.37037037037037,CD,27.711111111111112,33.170212765957444,under,31.5,won,1.83,29.0,0.0,-1.5721442954792302,0.0,-0.64039106873566,0.6655385399034301,-0.8095983863874423,0.0,0.9020397066897203,1.7827561319782248,0.0
20,31.37037037037037,CD,30.115384615384617,29.982142857142858,under,31.5,won,1.83,20.0,0.0,0.0,1.0984264443831435,1.2567508672476961,-0.8095983863874423,-1.0617142411045393,0.9020397066897203,0.7520050888007717,-1.1261807448375052,-0.6816806276591585
33,28.831481481481482,LCK,30.83739837398374,30.64761904761905,under,29.5,lost,1.83,33.0,0.0,0.0,1.0984264443831435,-0.7760435577368519,0.0,0.6655385399034301,0.0,0.0,-0.9659723665617115,1.120551452057974
51,28.831481481481482,LCK,30.83739837398374,30.64761904761905,under,29.5,lost,1.83,51.0,0.0,0.5609560677137821,0.0,0.0,-0.8095983863874423,0.0,0.5231029362444133,-0.8113044475574895,0.46549902257931564,-1.842584791571916
25,28.831481481481482,LCK,29.50515463917526,28.091603053435115,over,26.5,lost,1.83,25.0,0.0,0.0,-0.7760435577368519,0.0,0.6655385399034301,-1.9393307422504513,0.0,-0.468056459937813,0.46549902257931564,-0.9659723665617115
19,28.831481481481482,LCK,29.50515463917526,28.091603053435115,over,26.5,lost,1.83,19.0,0.0,0.5609560677137821,0.0,-0.64039106873566,-0.8095983863874423,-1.1986585288014666,-0.8113044475574895,0.5231029362444133,-1.057365285027263,0.0
36,30.12878787878788,LVP SL,27.176470588235293,28.458333333333332,under,26.5,lost,1.83,36.0,0.0,0.0,0.0,0.0,0.0,1.8913858048840098,0.7520050888007717,-1.4462880706363492,-1.078880905409381,0.46549902257931564
29,33.06190476190476,NLC,32.016666666666666,36.78260869565217,over,33.5,lost,1.83,29.0,0.5609560677137821,0.0,-0.7760435577368519,1.0984264443831435,0.0,0.0,-1.2403757694101287,0.0,-0.6816806276591585,-1.7642883932950575
27,33.06190476190476,NLC,32.016666666666666,36.78260869565217,over,33.5,lost,1.83,27.0,0.0,-1.5721442954792302,-0.6320467219229506,0.0,-1.0617142411045393,0.6655385399034301,0.0,0.9020397066897203,-1.1261807448375052,0.0
36,30.12878787878788,LVP SL,31.548076923076923,30.9811320754717,over,30.5,won,1.83,45.0,0.0,0.0,0.0,1.0984264443831435,0.0,0.0,0.0,-0.9130980650743759,-1.078880905409381,1.7827561319782248
36,30.12878787878788,LVP SL,30.9811320754717,30.25925925925926,over,30.5,won,1.83,36.0,0.0,0.0,0.0,1.0984264443831435,0.0,0.0,0.0,-0.9130980650743759,-1.078880905409381,1.7827561319782248
35,31.37037037037037,CD,33.170212765957444,33.1764705882353,over,31.5,won,1.83,35.0,0.5609560677137821,0.0,-0.64039106873566,-0.751940118689614,-1.1986585288014666,0.6655385399034301,0.0,0.5231029362444133,0.46549902257931564,1.7827561319782248
35,31.37037037037037,CD,28.08695652173913,27.711111111111112,under,30.5,lost,1.9,35.0,0.0,0.0,1.2567508672476961,0.0,-0.8095983863874423,1.2815801036603958,0.9020397066897203,0.0,0.46549902257931564,1.7827561319782248
25,31.37037037037037,CD,29.923076923076923,30.115384615384617,under,31.5,won,1.83,25.0,0.5609560677137821,1.2452748960137257,-0.64039106873566,-0.751940118689614,-1.1986585288014666,0.0,-0.468056459937813,0.0,-1.078880905409381,0.0
36,28.831481481481482,LCK,30.60952380952381,26.92079207920792,over,25.5,won,1.83,36.0,0.5609560677137821,0.0,-0.7760435577368519,0.0,-0.8095983863874423,0.0,-0.8113044475574895,0.0,-0.9659723665617115,0.46549902257931564
43,28.831481481481482,LCK,30.60952380952381,26.92079207920792,over,25.5,won,1.83,43.0,0.0,-0.5685724682663711,0.0,0.0,1.2815801036603958,0.0,0.5231029362444133,0.0,0.0,-0.6816806276591585
23,28.831481481481482,LCK,29.489583333333332,32.130434782608695,over,29.5,lost,1.83,23.0,0.5609560677137821,0.0,-0.7760435577368519,0.0,0.6655385399034301,0.0,-0.8113044475574895,0.0,0.46549902257931564,0.0
28,28.831481481481482,LCK,29.489583333333332,32.130434782608695,over,29.5,lost,1.83,28.0,-1.155716943849221,0.0,0.0,1.0984264443831435,-0.6263770292967372,0.0,0.0,-0.9130980650743759,-0.9659723665617115,-1.1261807448375052
30,28.831481481481482,LCK,29.76068376068376,30.272058823529413,over,28.5,won,1.83,30.0,0.0,0.0,0.0,-0.7760435577368519,0.0,0.0,0.5231029362444133,0.0,0.46549902257931564,-0.9659723665617115
39,28.831481481481482,LCK,29.76068376068376,30.272058823529413,over,28.5,won,1.83,39.0,0.0,0.5609560677137821,-0.6320467219229506,-0.64039106873566,-0.8095983863874423,-1.1986585288014666,-0.8113044475574895,0.0,1.120551452057974,-1.078880905409381
43,30.07286432160804,LPL,28.474074074074075,31.526946107784433,over,27.5,won,1.83,43.0,0.0,0.0,0.0,-0.7760435577368519,0.0,0.6655385399034301,0.5231029362444133,-0.9130980650743759,0.46549902257931564,-1.1261807448375052
28,30.07286432160804,LPL,28.474074074074075,31.526946107784433,over,27.5,won,1.83,28.0,0.5609560677137821,0.0,0.0,1.0984264443831435,-0.8095983863874423,0.0,0.9020397066897203,0.7520050888007717,1.120551452057974,1.7827561319782248
20,33.06190476190476,NLC,29.694444444444443,30.6,under,32.5,won,1.83,20.0,-1.155716943849221,-1.5721442954792302,-0.7760435577368519,-0.6320467219229506,0.6655385399034301,-0.8095983863874423,-0.468056459937813,0.9020397066897203,1.120551452057974,-0.6816806276591585
36,33.06190476190476,NLC,29.694444444444443,30.6,under,32.5,lost,1.83,36.0,0.5609560677137821,0.0,0.0,1.0984264443831435,0.0,0.0,-0.8113044475574895,0.7520050888007717,1.7827561319782248,0.46549902257931564
24,29.229559748427672,LFL,29.155555555555555,26.232558139534884,over,26.5,lost,1.83,24.0,0.0,-1.5721442954792302,-0.6320467219229506,-1.0332368361565436,-0.8095983863874423,0.0,0.5231029362444133,0.9020397066897203,4.1582595287502215,0.0
25,29.229559748427672,LFL,29.155555555555555,26.232558139534884,over,26.5,lost,1.83,25.0,0.0,0.0,-0.7760435577368519,0.0,0.0,1.2815801036603958,0.0,-0.468056459937813,1.7827561319782248,0.46549902257931564
32,33.23076923076923,ROL,33.214285714285715,35.46,under,35.5,won,1.83,32.0,0.0,0.0,-1.0332368361565436,-0.7760435577368519,0.0,0.0,0.5231029362444133,0.7520050888007717,0.0,-1.078880905409381
50,33.23076923076923,ROL,33.214285714285715,35.46,under,35.5,lost,1.83,50.0,-0.5685724682663711,0.0,0.8434335133614894,-0.6320467219229506,-0.8095983863874423,0.6655385399034301,0.9020397066897203,-0.8113044475574895,0.46549902257931564,1.120551452057974
31,33.23076923076923,ROL,31.301369863013697,32.895833333333336,under,31.5,won,1.83,31.0,1.2452748960137257,0.0,-0.7760435577368519,0.0,0.0,-0.6263770292967372,0.0,0.5231029362444133,1.120551452057974,1.7827561319782248
18,33.23076923076923,ROL,31.301369863013697,32.895833333333336,under,31.5,won,1.83,18.0,0.5609560677137821,0.0,-1.0332368361565436,0.8434335133614894,0.0,-1.1986585288014666,-0.8113044475574895,-1.4462880706363492,0.0,-0.6816806276591585
19,33.06190476190476,NLC,30.29824561403509,34.935483870967744,under,32.5,won,1.83,19.0,0.0,0.0,0.0,-0.7760435577368519,0.6655385399034301,0.0,0.0,-0.8113044475574895,0.46549902257931564,0.0
27,33.06190476190476,NLC,30.29824561403509,34.935483870967744,under,32.5,won,1.83,27.0,0.0,0.0,0.0,-0.64039106873566,1.2815801036603958,0.0,0.5231029362444133,0.9020397066897203,-0.6816806276591585,-1.1261807448375052
49,30.590579710144926,NACL,31.5,28.80851063829787,under,28.5,lost,1.83,49.0,0.0,0.0,1.0984264443831435,0.0,0.6655385399034301,-0.8095983863874423,-0.9130980650743759,0.0,1.120551452057974,0.46549902257931564
48,30.590579710144926,NACL,33.285714285714285,30.5,under,28.5,lost,1.83,48.0,-1.155716943849221,0.5609560677137821,0.0,-0.6320467219229506,0.0,0.6655385399034301,0.0,0.0,0.46549902257931564,0.0
36,36.13903743315508,LJL,38.490566037735846,39.107142857142854,over,35.5,won,1.83,36.0,-1.155716943849221,0.5609560677137821,1.757209358869801,-0.64039106873566,0.0,0.0,-0.9130980650743759,0.0,-0.6816806276591585,0.46549902257931564
45,36.13903743315508,LJL,38.490566037735846,39.107142857142854,over,35.5,won,1.83,45.0,0.0,0.0,0.0,0.0,0.0,2.339012536092831,0.0,0.0,-1.1261807448375052,-1.7642883932950575
29,28.831481481481482,LCK,28.091603053435115,26.579545454545453,over,25.5,won,1.83,29.0,0.0,0.0,0.0,-1.9946898409830425,0.6655385399034301,-0.8095983863874423,0.7520050888007717,-0.8113044475574895,-1.057365285027263,0.46549902257931564
33,28.831481481481482,LCK,28.091603053435115,26.579545454545453,over,25.5,won,1.83,33.0,0.5609560677137821,0.0,-0.6320467219229506,1.757209358869801,-0.6263770292967372,0.0,0.0,0.0,-0.9659723665617115,0.0
25,30.07286432160804,LPL,31.696969696969695,28.474074074074075,over,28.5,lost,1.83,25.0,0.0,0.0,1.2567508672476961,0.0,0.0,0.6655385399034301,0.0,-0.8113044475574895,0.46549902257931564,-0.6816806276591585
41,30.07286432160804,LPL,31.696969696969695,28.474074074074075,over,28.5,won,1.83,41.0,0.0,0.0,0.0,-1.0332368361565436,-0.6263770292967372,-1.1986585288014666,-1.0421821869666132,-0.9130980650743759,-1.842584791571916,-1.1261807448375052
29,33.0375,TCL,32.64556962025316,29.928571428571427,under,32.5,won,1.83,29.0,0.0,0.0,0.0,-0.6320467219229506,0.0,-1.0617142411045393,0.0,0.7520050888007717,-0.9659723665617115,-1.078880905409381
40,33.0375,TCL,34.9264705882353,30.636363636363637,under,31.5,lost,1.83,40.0,0.5609560677137821,0.0,-1.0332368361565436,0.0,-1.1986585288014666,0.6655385399034301,-0.468056459937813,0.9020397066897203,1.7827561319782248,0.46549902257931564
30,29.229559748427672,LFL,25.976470588235294,29.26086956521739,under,28.5,lost,1.83,30.0,0.0,0.0,-0.6320467219229506,-0.7760435577368519,-0.8095983863874423,0.0,0.0,0.0,1.7827561319782248,0.46549902257931564
35,29.229559748427672,LFL,25.976470588235294,29.26086956521739,under,28.5,lost,1.83,35.0,-1.155716943849221,0.0,0.0,0.0,0.0,0.0,-0.468056459937813,0.0,-1.057365285027263,-0.6816806276591585
45,30.590579710144926,NACL,28.80851063829787,30.5,under,29.5,lost,1.83,45.0,0.0,0.5609560677137821,0.0,1.0984264443831435,0.0,0.0,0.7520050888007717,0.9020397066897203,-1.1261807448375052,-0.6816806276591585
21,28.831481481481482,LCK,29.335714285714285,30.272058823529413,under,30.5,won,1.83,21.0,0.0,0.0,1.0984264443831435,-0.7760435577368519,0.0,0.0,0.9020397066897203,0.0,-1.078880905409381,-1.1261807448375052
40,28.831481481481482,LCK,29.335714285714285,30.272058823529413,under,30.5,lost,1.83,40.0,0.0,-1.155716943849221,-1.0332368361565436,-0.6320467219229506,-0.8095983863874423,0.6655385399034301,0.0,-0.8113044475574895,-0.6816806276591585,0.0
26,30.07286432160804,LPL,29.010204081632654,30.822580645161292,under,28.5,won,1.83,26.0,0.0,0.5609560677137821,-0.6320467219229506,-1.0332368361565436,0.0,-1.1986585288014666,0.0,0.9020397066897203,-0.6816806276591585,-1.1261807448375052
35,30.07286432160804,LPL,29.010204081632654,30.822580645161292,under,28.5,lost,1.83,35.0,0.0,0.0,0.0,-0.7760435577368519,0.0,0.0,0.0,-2.3782730948618678,1.7827561319782248,-0.9659723665617115
44,28.831481481481482,LCK,30.60952380952381,29.50515463917526,over,26.5,won,1.83,44.0,0.0,0.5609560677137821,0.0,-0.6320467219229506,0.0,0.0,0.7520050888007717,0.9020397066897203,0.46549902257931564,-0.6816806276591585
49,28.831481481481482,LCK,30.60952380952381,29.50515463917526,over,26.5,won,1.83,49.0,-0.5685724682663711,-1.155716943849221,0.0,0.0,-0.6263770292967372,0.0,0.0,0.5231029362444133,1.7827561319782248,0.0
30,30.07286432160804,LPL,26.4,26.885714285714286,under,25.5,lost,1.83,30.0,0.5609560677137821,0.0,0.8434335133614894,-0.7760435577368519,0.6655385399034301,-1.0617142411045393,0.0,0.0,1.7827561319782248,-0.9659723665617115
27,30.07286432160804,LPL,26.4,26.885714285714286,under,25.5,lost,1.83,27.0,0.0,-0.5685724682663711,-0.6320467219229506,0.0,-0.6263770292967372,0.0,0.0,-0.9130980650743759,-1.7642883932950575,-1.1261807448375052
25,27.14814814814815,LEC,25.462962962962962,28.756756756756758,under,28.5,won,1.83,25.0,-1.155716943849221,0.5609560677137821,0.0,-0.7760435577368519,0.6655385399034301,0.0,0.0,0.0,0.46549902257931564,-0.6816806276591585
29,27.14814814814815,LEC,25.462962962962962,28.756756756756758,under,28.5,lost,1.83,29.0,0.0,0.0,-0.64039106873566,1.2567508672476961,0.0,-1.0617142411045393,0.0,0.0,0.0,-0.9659723665617115
21,28.831481481481482,LCK,26.579545454545453,26.92079207920792,over,24.5,lost,1.83,21.0,0.5609560677137821,0.0,-0.6320467219229506,-0.7760435577368519,0.0,0.0,0.5231029362444133,0.7520050888007717,0.46549902257931564,0.0
45,28.831481481481482,LCK,26.579545454545453,26.92079207920792,over,24.5,won,1.83,45.0,0.0,0.0,0.0,-1.0332368361565436,-0.8095983863874423,-1.1986585288014666,0.0,0.0,1.7827561319782248,0.0
22,30.07286432160804,LPL,26.4,27.926470588235293,over,25.5,lost,1.8,22.0,0.0,0.0,-0.6320467219229506,-0.7760435577368519,0.6655385399034301,-1.0617142411045393,0.0,0.5231029362444133,-0.9659723665617115,-0.6816806276591585
26,30.07286432160804,LPL,26.4,27.926470588235293,over,25.5,won,1.8,26.0,-0.5685724682663711,-1.155716943849221,1.2567508672476961,0.0,0.0,-0.6263770292967372,0.9020397066897203,0.7520050888007717,0.46549902257931564,0.0
18,27.25563909774436,LCP,26.914893617021278,27.753846153846155,under,25.5,won,1.83,18.0,0.0,0.5609560677137821,0.0,-0.6320467219229506,0.0,-0.8095983863874423,0.0,-0.8113044475574895,0.0,-0.6816806276591585
31,27.809278350515463,LTA S,26.55,28.980392156862745,over,25.5,won,1.83,31.0,0.0,0.0,-0.6320467219229506,-0.7760435577368519,0.0,0.0,0.0,0.5231029362444133,1.7827561319782248,0.46549902257931564
36,27.809278350515463,LTA S,26.55,28.980392156862745,over,25.5,won,1.83,36.0,0.0,0.5609560677137821,0.0,0.0,1.2815801036603958,0.0,-0.8113044475574895,0.9020397066897203,0.0,-0.6816806276591585
20,27.14814814814815,LEC,29.3,26.27027027027027,under,29.5,won,1.83,20.0,0.0,0.5609560677137821,-0.7760435577368519,-0.6320467219229506,0.0,-0.8095983863874423,-1.4326523672446747,0.5231029362444133,0.46549902257931564,1.7827561319782248
44,27.14814814814815,LEC,29.3,26.27027027027027,under,29.5,lost,1.83,44.0,0.0,0.0,1.2567508672476961,-0.64039106873566,0.0,-0.6263770292967372,0.0,0.0,1.120551452057974,-0.9659723665617115
35,27.14814814814815,LEC,27.19298245614035,27.384615384615383,under,28.5,lost,1.83,35.0,0.0,0.0,-0.6320467219229506,1.0984264443831435,0.0,0.0,0.0,-0.468056459937813,-0.6816806276591585,0.0
24,27.14814814814815,LEC,27.19298245614035,27.384615384615383,under,28.5,won,1.83,24.0,0.0,-1.155716943849221,0.0,1.2567508672476961,-1.0617142411045393,0.0,-1.4326523672446747,0.0,0.46549902257931564,0.0
22,27.809278350515463,LTA S,27.05263157894737,29.316666666666666,over,27.5,lost,1.8,22.0,-0.5685724682663711,-1.5721442954792302,0.0,-0.7760435577368519,0.0,0.6655385399034301,-0.9130980650743759,-0.468056459937813,-1.1261807448375052,-1.078880905409381
13,27.809278350515463,LTA S,27.05263157894737,29.316666666666666,over,27.5,lost,1.8,13.0,0.0,0.0,2.691838088918381,0.0,0.0,-1.0617142411045393,0.0,0.0,0.46549902257931564,-0.6816806276591585
26,28.831481481481482,LCK,34.19230769230769,30.83739837398374,under,31.5,won,1.83,26.0,0.0,0.0,0.0,0.0,-1.0617142411045393,0.0,0.9020397066897203,0.7520050888007717,0.0,1.7827561319782248
19,28.831481481481482,LCK,34.19230769230769,30.83739837398374,under,31.5,won,1.83,19.0,0.5609560677137821,0.0,1.0984264443831435,0.0,0.0,0.6655385399034301,-1.4326523672446747,0.0,0.0,-0.9659723665617115
18,27.14814814814815,LEC,26.27027027027027,28.756756756756758,under,29.5,won,1.83,18.0,0.0,0.5609560677137821,1.2567508672476961,-0.7760435577368519,0.0,0.0,0.0,0.0,1.7827561319782248,-0.9659723665617115
20,27.14814814814815,LEC,26.27027027027027,28.756756756756758,under,29.5,won,1.83,20.0,-1.155716943849221,0.0,0.0,-1.0332368361565436,0.6655385399034301,-1.1986585288014666,0.0,-0.468056459937813,-1.1261807448375052,-1.078880905409381
26,27.14814814814815,LEC,27.19298245614035,29.153846153846153,under,30.5,won,1.83,26.0,0.0,-1.155716943849221,-0.64039106873566,-1.0332368361565436,-0.8095983863874423,0.0,0.5231029362444133,0.0,0.46549902257931564,-0.9659723665617115
17,27.14814814814815,LEC,27.19298245614035,29.153846153846153,under,30.5,won,1.83,17.0,0.0,0.5609560677137821,-0.6320467219229506,-0.7760435577368519,-0.6263770292967372,0.0,0.9020397066897203,-0.8113044475574895,-1.078880905409381,-1.1261807448375052
22,28.831481481481482,LCK,32.130434782608695,30.847619047619048,over,30.5,lost,1.83,22.0,0.5609560677137821,0.0,1.0984264443831435,-0.7760435577368519,-0.8095983863874423,-1.0617142411045393,0.9020397066897203,0.0,0.0,-0.6816806276591585
27,28.831481481481482,LCK,32.130434782608695,30.847619047619048,over,30.5,lost,1.83,27.0,0.0,-0.5685724682663711,0.0,0.0,0.6655385399034301,0.0,-0.9130980650743759,-0.8113044475574895,-1.1261807448375052,-1.078880905409381
34,30.07286432160804,LPL,31.733766233766232,30.443786982248522,under,30.5,lost,1.83,34.0,0.0,0.5609560677137821,0.0,1.2567508672476961,-0.8095983863874423,-1.0617142411045393,-0.9130980650743759,0.0,-1.1261807448375052,0.46549902257931564
32,30.07286432160804,LPL,31.733766233766232,30.443786982248522,under,30.5,lost,1.83,32.0,0.0,0.0,-0.7760435577368519,0.0,0.0,-0.6263770292967372,0.0,-0.8113044475574895,1.7827561319782248,-0.6816806276591585
30,30.12878787878788,LVP SL,28.458333333333332,29.692307692307693,under,27.5,lost,1.83,30.0,0.0,0.5609560677137821,0.0,-0.7760435577368519,-0.8095983863874423,1.0853159537389274,0.9020397066897203,-0.468056459937813,1.7827561319782248,1.120551452057974
28,31.37037037037037,CD,33.1764705882353,30.81132075471698,over,31.5,lost,1.83,28.0,0.0,0.0,1.0984264443831435,-0.64039106873566,-0.8095983863874423,-1.1986585288014666,-0.8113044475574895,-1.4462880706363492,0.0,1.120551452057974
28,31.37037037037037,CD,28.236842105263158,28.08695652173913,under,31.5,won,1.83,28.0,0.0,0.5609560677137821,-0.751940118689614,-0.6320467219229506,0.6655385399034301,0.0,0.0,0.0,1.7827561319782248,4.1582595287502215
32,28.831481481481482,LCK,30.272058823529413,29.76068376068376,over,29.5,won,1.83,32.0,0.5609560677137821,0.0,-0.7760435577368519,0.0,0.0,-1.0617142411045393,-0.9130980650743759,0.0,-1.1261807448375052,-2.2426813296105834
35,28.831481481481482,LCK,30.272058823529413,29.76068376068376,over,29.5,won,1.83,35.0,0.0,-1.155716943849221,0.0,1.0984264443831435,0.0,0.6655385399034301,-0.8113044475574895,0.0,0.0,0.0
24,30.07286432160804,LPL,31.526946107784433,28.48175182481752,under,30.5,won,1.83,24.0,0.0,0.5609560677137821,-0.6320467219229506,-0.7760435577368519,0.0,0.6655385399034301,0.5231029362444133,0.0,0.46549902257931564,-1.842584791571916
24,30.07286432160804,LPL,31.526946107784433,28.48175182481752,under,30.5,won,1.83,24.0,-0.5685724682663711,-1.155716943849221,-0.64039106873566,0.0,-0.8095983863874423,0.0,0.0,-0.9130980650743759,0.0,-1.1261807448375052
29,34.5625,RL,34.69892473118279,33.11940298507463,under,34.5,won,1.83,29.0,0.0,0.0,-0.6320467219229506,-0.7760435577368519,-0.6263770292967372,0.0,0.0,0.0,-1.057365285027263,-1.1261807448375052
34,34.5625,RL,34.69892473118279,33.11940298507463,under,34.5,won,1.83,34.0,0.0,0.0,0.0,-0.64039106873566,-1.0617142411045393,0.0,-0.8113044475574895,-0.468056459937813,-0.6816806276591585,1.120551452057974
21,29.229559748427672,LFL,28.729166666666668,29.441558441558442,under,31.5,won,1.83,21.0,-1.155716943849221,0.5609560677137821,0.0,-0.7760435577368519,0.0,-0.6263770292967372,-0.468056459937813,0.0,1.7827561319782248,0.46549902257931564
34,29.229559748427672,LFL,28.729166666666668,29.441558441558442,under,31.5,lost,1.83,34.0,0.0,0.0,0.0,-0.6320467219229506,0.6655385399034301,-1.0617142411045393,-0.9130980650743759,0.5231029362444133,-1.1261807448375052,-1.078880905409381
36,30.590579710144926,NACL,31.5,29.72340425531915,under,30.5,lost,1.83,36.0,0.5609560677137821,0.0,0.0,1.0984264443831435,0.6655385399034301,0.0,0.5231029362444133,0.0,-1.1261807448375052,-0.6816806276591585
33,30.590579710144926,NACL,31.32758620689655,30.5,under,33.5,won,1.83,33.0,0.0,-1.155716943849221,1.2567508672476961,-0.6320467219229506,0.6655385399034301,1.0853159537389274,0.0,0.0,-0.9659723665617115,0.0
33,30.590579710144926,NACL,28.80851063829787,27.07843137254902,under,32.5,lost,1.83,33.0,-0.8659941634725179,0.0,-0.7760435577368519,0.0,0.0,0.0,0.0,0.0,-3.700805908305771,0.0
21,28.831481481481482,LCK,27.804347826086957,29.335714285714285,under,30.5,won,1.83,21.0,0.0,0.0,-0.7760435577368519,-0.6320467219229506,-1.0617142411045393,0.0,-0.8113044475574895,0.9020397066897203,0.46549902257931564,-1.078880905409381
32,28.831481481481482,LCK,27.804347826086957,29.335714285714285,under,30.5,lost,1.83,32.0,0.0,0.5609560677137821,0.0,1.0984264443831435,0.0,0.0,0.0,0.0,-1.1261807448375052,-1.7642883932950575
27,30.12878787878788,LVP SL,29.692307692307693,31.34090909090909,under,32.5,won,1.83,27.0,-0.8659941634725179,0.0,-1.0332368361565436,-0.6320467219229506,-0.8095983863874423,1.0853159537389274,0.5231029362444133,0.9020397066897203,0.46549902257931564,-0.6816806276591585
40,30.12878787878788,LVP SL,29.692307692307693,31.34090909090909,under,32.5,lost,1.83,40.0,0.0,-0.5685724682663711,0.0,-0.64039106873566,0.6655385399034301,-1.1986585288014666,-0.468056459937813,0.7520050888007717,-1.1261807448375052,1.120551452057974
22,29.229559748427672,LFL,30.516129032258064,29.441558441558442,under,33.5,won,1.83,22.0,0.5609560677137821,0.0,0.0,-0.7760435577368519,0.0,-0.8095983863874423,0.0,0.0,-0.9659723665617115,-1.1261807448375052
26,29.229559748427672,LFL,30.516129032258064,29.441558441558442,under,33.5,won,1.83,26.0,0.0,0.0,-0.6320467219229506,-1.0332368361565436,-0.6263770292967372,-1.234138311281054,0.0,0.0,1.7827561319782248,1.120551452057974
19,33.23076923076923,ROL,30.22641509433962,32.895833333333336,under,31.5,won,1.83,19.0,0.0,0.0,-0.7760435577368519,-0.6320467219229506,-0.8095983863874423,0.0,1.0830233897470123,0.0,-3.700805908305771,-1.1261807448375052
20,33.23076923076923,ROL,30.22641509433962,32.895833333333336,under,31.5,won,1.83,20.0,-1.155716943849221,0.0,-1.0332368361565436,1.0984264443831435,-1.1986585288014666,0.0,0.0,0.0,0.0,0.46549902257931564
25,29.229559748427672,LFL,29.57943925233645,25.976470588235294,under,30.5,won,1.83,25.0,0.0,0.0,-0.6320467219229506,-0.7760435577368519,-0.8095983863874423,0.6655385399034301,0.0,0.9020397066897203,-0.6816806276591585,-1.078880905409381
32,29.229559748427672,LFL,29.57943925233645,25.976470588235294,under,30.5,lost,1.83,32.0,0.5609560677137821,-1.155716943849221,0.0,0.0,0.0,0.0,0.0,0.0,0.46549902257931564,-1.1261807448375052
20,29.229559748427672,LFL,29.26086956521739,26.232558139534884,under,32.5,won,1.83,20.0,0.0,0.0,1.2567508672476961,0.0,0.0,0.6655385399034301,0.0,0.0,-1.078880905409381,-2.2426813296105834
23,29.229559748427672,LFL,29.26086956521739,26.232558139534884,under,32.5,won,1.83,23.0,0.0,-1.5721442954792302,-0.7760435577368519,-0.64039106873566,-0.8095983863874423,0.0,0.0,0.0,1.120551452057974,1.7827561319782248
31,33.0375,TCL,30.822580645161292,29.928571428571427,over,28.5,won,1.83,31.0,0.0,0.0,-0.6320467219229506,-0.7760435577368519,0.0,0.0,0.0,0.0,1.120551452057974,-1.1261807448375052
25,30.590579710144926,NACL,31.32758620689655,31.08888888888889,under,33.5,won,1.83,25.0,0.0,0.0,-1.0332368361565436,-0.6320467219229506,0.0,0.0,0.0,0.5231029362444133,-1.1261807448375052,0.46549902257931564
16,27.25563909774436,LCP,27.736842105263158,25.638297872340427,under,26.5,won,1.83,16.0,0.0,0.0,0.0,-0.7760435577368519,0.6655385399034301,-1.0617142411045393,0.0,0.0,-0.9659723665617115,-0.6816806276591585
17,27.25563909774436,LCP,27.736842105263158,25.638297872340427,under,26.5,won,1.83,17.0,-1.155716943849221,0.0,-1.0332368361565436,1.0984264443831435,-1.1986585288014666,0.0,0.0,-0.468056459937813,0.0,-1.057365285027263
25,27.25563909774436,LCP,30.333333333333332,28.528301886792452,under,25.5,won,1.83,25.0,0.0,-1.155716943849221,0.0,-0.7760435577368519,-0.8095983863874423,0.6655385399034301,0.0,0.0,-0.6816806276591585,1.7827561319782248
31,27.25563909774436,LCP,30.333333333333332,28.528301886792452,under,25.5,lost,1.83,31.0,0.5609560677137821,0.0,0.0,0.0,0.0,0.0,0.5231029362444133,0.0,0.0,-0.9659723665617115
25,27.25563909774436,LCP,26.557692307692307,27.753846153846155,under,26.5,won,1.83,25.0,0.0,0.0,-0.7760435577368519,1.2567508672476961,0.0,-1.0617142411045393,0.0,0.0,0.46549902257931564,-0.9659723665617115
31,27.25563909774436,LCP,26.557692307692307,27.753846153846155,under,26.5,lost,1.83,31.0,0.0,0.0,-0.6320467219229506,0.0,0.0,-0.8095983863874423,0.9020397066897203,0.7520050888007717,-1.078880905409381,0.0
26,28.831481481481482,LCK,29.489583333333332,30.847619047619048,under,31.5,won,1.83,26.0,0.0,0.0,-0.6320467219229506,1.757209358869801,0.0,-1.0617142411045393,-0.8113044475574895,0.5231029362444133,0.0,-0.6816806276591585
43,28.831481481481482,LCK,29.489583333333332,30.847619047619048,under,31.5,lost,1.83,43.0,0.5609560677137821,0.0,0.0,-0.7760435577368519,-1.1986585288014666,0.0,0.0,0.0,-2.2426813296105834,0.46549902257931564
21,31.37037037037037,CD,30.81132075471698,30.115384615384617,under,28.5,won,1.83,21.0,0.0,0.0,0.0,-0.64039106873566,0.0,-0.8095983863874423,0.0,0.0,-1.078880905409381,0.0
30,34.5625,RL,34.69892473118279,31.918367346938776,under,34.5,won,1.83,30.0,0.0,0.0,-0.7760435577368519,-0.6320467219229506,-0.6263770292967372,0.6655385399034301,0.5231029362444133,-0.468056459937813,-1.078880905409381,-1.1261807448375052
27,34.5625,RL,34.69892473118279,31.918367346938776,under,34.5,won,1.83,27.0,0.0,0.0,0.0,0.0,0.0,0.0,0.0,-1.4462880706363492,-0.9659723665617115,0.46549902257931564
40,30.12878787878788,LVP SL,29.692307692307693,32.40909090909091,under,31.5,lost,1.83,40.0,0.0,0.0,0.0,-0.7760435577368519,0.0,1.0853159537389274,0.0,-0.468056459937813,-0.6816806276591585,-1.078880905409381
38,30.12878787878788,LVP SL,29.692307692307693,32.40909090909091,under,31.5,lost,1.83,38.0,0.5609560677137821,0.0,0.0,0.0,0.6655385399034301,0.0,0.0,0.5231029362444133,-1.842584791571916,0.46549902257931564
35,33.23076923076923,ROL,31.301369863013697,35.46,under,33.5,lost,1.83,35.0,-1.5721442954792302,0.0,0.0,-0.6320467219229506,0.0,-1.0617142411045393,0.0,-2.3782730948618678,0.0,0.0
34,33.23076923076923,ROL,31.301369863013697,35.46,under,33.5,lost,1.83,34.0,0.0,0.0,0.0,-1.0332368361565436,0.6655385399034301,0.0,0.9020397066897203,0.5231029362444133,-0.6816806276591585,-1.842584791571916
30,30.07286432160804,LPL,28.48175182481752,31.733766233766232,under,30.5,won,1.83,30.0,0.0,0.5609560677137821,1.2567508672476961,1.0984264443831435,0.0,0.0,0.7520050888007717,0.9020397066897203,-1.1261807448375052,-0.6816806276591585
35,30.07286432160804,LPL,28.48175182481752,31.733766233766232,under,30.5,lost,1.83,35.0,-1.155716943849221,0.0,0.0,0.0,-0.8095983863874423,0.6655385399034301,0.0,-0.8113044475574895,-0.9659723665617115,0.46549902257931564
31,33.06190476190476,NLC,34.935483870967744,30.6,under,34.5,won,1.83,31.0,-1.155716943849221,0.0,0.0,-0.7760435577368519,0.0,0.6655385399034301,0.0,-1.4326523672446747,1.7827561319782248,-0.9659723665617115
41,33.06190476190476,NLC,34.935483870967744,30.6,under,34.5,lost,1.83,41.0,0.0,0.0,0.8434335133614894,0.0,0.0,0.0,0.0,0.5231029362444133,0.46549902257931564,-1.7642883932950575
29,30.07286432160804,LPL,35.0,40.01960784313726,over,33.5,lost,1.83,29.0,0.0,0.0,-0.6320467219229506,-0.7760435577368519,0.0,1.2815801036603958,0.0,-0.468056459937813,-1.1261807448375052,-1.057365285027263
35,30.07286432160804,LPL,33.21212121212121,32.54761904761905,under,35.5,won,1.83,35.0,-1.155716943849221,0.0,0.0,2.691838088918381,0.0,-0.6263770292967372,0.0,-1.2403757694101287,0.46549902257931564,-0.6816806276591585
35,36.13903743315508,LJL,32.22950819672131,38.490566037735846,over,33.5,won,1.83,35.0,0.0,-1.155716943849221,1.2567508672476961,0.0,0.6655385399034301,0.0,0.0,0.0,1.7827561319782248,-0.6816806276591585
30,36.13903743315508,LJL,32.22950819672131,38.490566037735846,over,33.5,lost,1.83,30.0,0.0,0.0,0.0,0.0,0.0,0.0,-0.9130980650743759,-0.468056459937813,-1.1261807448375052,0.0
31,30.07286432160804,LPL,31.208695652173912,31.015748031496063,under,30.5,lost,1.83,31.0,0.5609560677137821,0.0,-0.64039106873566,-0.6320467219229506,-1.1986585288014666,0.0,-1.2403757694101287,0.5231029362444133,0.46549902257931564,-0.6816806276591585
28,30.07286432160804,LPL,31.208695652173912,31.015748031496063,under,30.5,won,1.83,28.0,0.0,-1.5721442954792302,0.0,1.2567508672476961,0.6655385399034301,-1.0617142411045393,0.9020397066897203,0.0,1.7827561319782248,0.0
33,33.15511551155115,PRM,32.787234042553195,32.65277777777778,under,33.5,won,1.83,33.0,0.5609560677137821,0.0,1.0984264443831435,-0.6320467219229506,1.0853159537389274,0.0,0.0,0.0,-0.6816806276591585,-1.078880905409381
34,33.15511551155115,PRM,32.787234042553195,32.65277777777778,under,33.5,lost,1.83,34.0,0.0,0.0,1.2567508672476961,-0.7760435577368519,0.0,-1.0617142411045393,-0.9130980650743759,-0.8113044475574895,0.46549902257931564,-0.9659723665617115
41,33.23076923076923,ROL,35.160714285714285,33.214285714285715,under,34.5,lost,1.83,41.0,-0.5685724682663711,0.0,1.0984264443831435,1.2567508672476961,-0.8095983863874423,0.6655385399034301,0.0,0.9020397066897203,-0.9659723665617115,1.7827561319782248
39,33.23076923076923,ROL,35.160714285714285,33.214285714285715,under,34.5,lost,1.83,39.0,0.0,0.0,-0.7760435577368519,0.0,0.0,0.0,0.0,0.0,1.120551452057974,-0.6816806276591585
17,29.229559748427672,LFL,26.232558139534884,29.57943925233645,under,28.5,won,1.83,17.0,0.0,0.0,-0.7760435577368519,-0.6320467219229506,1.2815801036603958,0.0,0.0,0.0,-2.2426813296105834,1.563734720205872
26,29.229559748427672,LFL,26.232558139534884,29.57943925233645,under,28.5,won,1.83,26.0,-1.155716943849221,-1.5721442954792302,1.2567508672476961,0.0,0.0,0.6655385399034301,-0.468056459937813,0.9020397066897203,0.0,0.46549902257931564
26,36.1413612565445,EBL,35.39772727272727,43.666666666666664,over,34.5,lost,1.83,26.0,0.0,0.0,1.2567508672476961,-0.6320467219229506,0.6655385399034301,0.0,0.5231029362444133,0.0,-1.1261807448375052,-2.2426813296105834
29,36.1413612565445,EBL,35.39772727272727,43.666666666666664,over,34.5,lost,1.83,29.0,0.0,0.0,0.0,-0.7760435577368519,0.0,1.2815801036603958,-0.8113044475574895,0.0,-0.6816806276591585,-0.9659723665617115
29,30.07286432160804,LPL,32.26086956521739,38.0,under,34.5,won,1.83,29.0,0.0,0.0,-0.6320467219229506,0.0,-0.6263770292967372,0.0,0.0,-0.8113044475574895,-1.057365285027263,-2.2426813296105834
23,30.07286432160804,LPL,29.2,36.266666666666666,under,33.5,won,1.83,23.0,0.0,-1.5721442954792302,-0.7760435577368519,0.8434335133614894,0.0,-1.0617142411045393,0.0,0.0,-2.2426813296105834,1.7827561319782248
18,28.831481481481482,LCK,34.19230769230769,30.64761904761905,under,33.5,won,1.83,18.0,0.0,0.0,0.0,-0.7760435577368519,-1.0617142411045393,0.0,0.0,0.9020397066897203,0.0,-1.078880905409381
61,28.831481481481482,LCK,34.19230769230769,30.64761904761905,under,33.5,lost,1.83,61.0,0.0,-1.5721442954792302,-0.6320467219229506,1.0984264443831435,0.0,0.6655385399034301,0.0,0.0,1.7827561319782248,-2.2426813296105834
18,27.25563909774436,LCP,26.012048192771083,27.736842105263158,under,26.5,won,1.83,18.0,0.0,-1.155716943849221,1.2567508672476961,1.0984264443831435,0.6655385399034301,-0.8095983863874423,0.0,0.0,0.0,1.7827561319782248
26,33.0375,TCL,34.9264705882353,30.822580645161292,under,33.5,won,1.83,26.0,0.0,0.0,0.0,0.0,0.0,-0.6263770292967372,0.9020397066897203,0.5231029362444133,1.7827561319782248,0.46549902257931564
26,29.229559748427672,LFL,26.232558139534884,28.729166666666668,under,29.5,won,1.83,26.0,0.0,0.0,0.0,0.0,0.6655385399034301,-0.6263770292967372,0.0,0.0,-2.2426813296105834,1.7827561319782248
25,29.229559748427672,LFL,26.232558139534884,28.729166666666668,under,29.5,won,1.83,25.0,-1.155716943849221,0.0,-0.6320467219229506,0.0,0.0,0.0,-0.468056459937813,0.5231029362444133,-1.842584791571916,-1.078880905409381
30,27.14814814814815,LEC,29.153846153846153,26.5,over,23.5,won,1.83,30.0,0.5609560677137821,0.0,1.0984264443831435,1.2567508672476961,0.0,-0.6263770292967372,-0.9130980650743759,0.5231029362444133,-1.1261807448375052,-1.078880905409381
16,27.14814814814815,LEC,29.153846153846153,26.5,over,23.5,lost,1.83,16.0,0.0,0.0,-0.7760435577368519,0.0,0.0,-1.0617142411045393,0.0,-1.4462880706363492,-0.9659723665617115,-0.6816806276591585
32,28.831481481481482,LCK,26.92079207920792,,under,29.5,lost,1.83,31.0,0.0,0.5609560677137821,-0.7760435577368519,0.0,0.0,0.6655385399034301,-0.8113044475574895,0.0,0.46549902257931564,-1.1261807448375052
21,30.07286432160804,LPL,28.48175182481752,31.526946107784433,under,29.5,won,1.83,21.0,0.0,0.5609560677137821,-1.9946898409830425,0.0,-0.8095983863874423,0.6655385399034301,0.5231029362444133,-0.8113044475574895,0.46549902257931564,-0.6816806276591585
23,30.07286432160804,LPL,28.48175182481752,31.526946107784433,under,29.5,won,1.83,23.0,0.0,0.0,-0.7760435577368519,0.0,0.0,-1.0617142411045393,0.0,0.0,1.120551452057974,1.7827561319782248
20,33.06190476190476,NLC,31.42528735632184,29.694444444444443,under,32.5,won,1.83,20.0,0.0,-1.155716943849221,1.2567508672476961,-0.7760435577368519,-0.8095983863874423,0.6655385399034301,0.5231029362444133,-0.468056459937813,-1.078880905409381,0.46549902257931564
27,33.06190476190476,NLC,31.42528735632184,29.694444444444443,under,32.5,won,1.83,26.0,0.0,0.0,0.0,1.0984264443831435,0.0,1.0853159537389274,-1.2403757694101287,-0.8113044475574895,-1.1261807448375052,-2.2426813296105834
44,36.1413612565445,EBL,31.586206896551722,,under,35.5,to_verify,1.83,,0.5609560677137821,0.0,-0.6320467219229506,-0.7760435577368519,0.0,0.0,-0.9130980650743759,0.5231029362444133,-0.6816806276591585,0.0
27,36.1413612565445,EBL,31.586206896551722,,under,35.5,won,1.83,27.0,0.0,0.0,0.0,0.0,0.0,0.0,0.0,0.0,0.0,-2.845292250621597
21,30.07286432160804,LPL,35.0,,under,33.5,won,1.83,21.0,0.0,0.0,-0.7760435577368519,0.0,0.0,1.0853159537389274,-1.2403757694101287,0.0,-1.1261807448375052,0.46549902257931564
35,30.07286432160804,LPL,35.0,,under,33.5,lost,1.83,35.0,0.0,0.0,-0.6320467219229506,1.2567508672476961,0.0,1.2815801036603958,0.0,0.9020397066897203,1.7827561319782248,-1.057365285027263
28,28.831481481481482,LCK,28.091603053435115,29.50515463917526,under,28.5,won,1.83,25.0,0.0,0.5609560677137821,-0.7760435577368519,1.2567508672476961,0.0,-1.0617142411045393,0.5231029362444133,0.0,1.120551452057974,0.46549902257931564
31,29.229559748427672,LFL,29.441558441558442,,under,30.5,lost,1.83,31.0,-0.5685724682663711,0.0,0.0,-0.7760435577368519,0.0,0.0,0.0,-1.4326523672446747,-1.078880905409381,-1.1261807448375052
28,29.229559748427672,LFL,29.441558441558442,,under,30.5,won,1.83,28.0,0.5609560677137821,0.0,1.2567508672476961,-0.6320467219229506,-1.0617142411045393,-0.6263770292967372,0.5231029362444133,0.0,0.46549902257931564,1.7827561319782248
38,30.07286432160804,LPL,,36.266666666666666,under,33.5,pending,1.83,,0.0,0.0,-0.7760435577368519,1.0984264443831435,-0.8095983863874423,0.6655385399034301,0.0,0.0,-0.9659723665617115,0.46549902257931564
55,30.07286432160804,LPL,,36.266666666666666,under,33.5,pending,1.83,,2.9751714222517123,0.0,1.2567508672476961,0.0,-0.6263770292967372,1.0853159537389274,-0.8113044475574895,-0.9130980650743759,-1.1261807448375052,-0.6816806276591585
12,29.229559748427672,LFL,25.976470588235294,29.155555555555555,under,29.5,won,1.83,12.0,0.0,0.0,-1.9946898409830425,-0.7760435577368519,0.0,-0.8095983863874423,0.5231029362444133,0.9020397066897203,0.46549902257931564,1.7827561319782248
27,29.229559748427672,LFL,25.976470588235294,29.155555555555555,under,29.5,won,1.83,26.0,0.0,0.0,-0.6320467219229506,0.0,0.0,0.0,-1.4326523672446747,0.0,0.0,-1.1261807448375052
39,30.07286432160804,LPL,39.888888888888886,38.0,under,35.5,lost,1.83,38.0,0.0,3.528201725282017,0.0,0.0,-0.6263770292967372,1.0853159537389274,0.9020397066897203,-1.4326523672446747,0.0,-1.842584791571916
60,30.07286432160804,LPL,39.888888888888886,38.0,under,35.5,lost,1.83,60.0,-0.5685724682663711,0.0,1.0984264443831435,-1.9946898409830425,0.0,0.0,0.0,1.0830233897470123,-2.2426813296105834,-1.078880905409381
22,30.590579710144926,NACL,31.5,27.07843137254902,under,32.5,won,1.83,21.0,-0.5685724682663711,-1.155716943849221,-1.0332368361565436,0.0,-1.234138311281054,-0.8095983863874423,-0.468056459937813,-0.8113044475574895,-1.1261807448375052,-0.9659723665617115
13,30.590579710144926,NACL,31.5,27.07843137254902,under,32.5,won,1.83,13.0,-1.5721442954792302,0.0,0.0,-0.64039106873566,0.0,0.6655385399034301,0.0,0.0,-2.2426813296105834,-0.6816806276591585
35,30.07286432160804,LPL,31.015748031496063,31.733766233766232,under,30.5,lost,1.83,34.0,0.5609560677137821,0.0,0.0,-0.7760435577368519,-0.8095983863874423,0.6655385399034301,0.0,-0.9130980650743759,0.0,-1.1261807448375052
38,30.07286432160804,LPL,31.015748031496063,31.733766233766232,under,30.5,lost,1.83,38.0,0.0,-1.155716943849221,1.0984264443831435,0.0,0.0,0.0,0.0,0.5231029362444133,-0.9659723665617115,-0.6816806276591585
53,28.831481481481482,LCK,,28.091603053435115,under,31.5,lost,1.83,51.0,0.5609560677137821,0.0,1.2567508672476961,0.0,0.0,-1.0617142411045393,0.7520050888007717,0.9020397066897203,-0.6816806276591585,-1.1261807448375052
44,28.831481481481482,LCK,,28.091603053435115,under,31.5,lost,1.83,44.0,-1.155716943849221,0.0,0.0,1.0984264443831435,0.6655385399034301,0.0,0.0,-1.2403757694101287,0.0,-2.2426813296105834
28,30.07286432160804,LPL,30.443786982248522,28.48175182481752,under,29.5,won,1.83,25.0,0.0,0.5609560677137821,1.2567508672476961,-0.6320467219229506,0.0,0.0,-0.9130980650743759,0.0,-1.1261807448375052,-0.6816806276591585
28,30.07286432160804,LPL,30.443786982248522,28.48175182481752,under,29.5,won,1.83,28.0,0.0,0.0,0.0,1.0984264443831435,0.6655385399034301,-0.8095983863874423,-0.8113044475574895,0.5231029362444133,-0.9659723665617115,0.46549902257931564
35,36.1413612565445,EBL,31.586206896551722,,under,34.5,won,1.83,30.0,0.0,-1.155716943849221,-0.6320467219229506,-0.7760435577368519,-0.8095983863874423,0.0,0.0,-1.4326523672446747,-1.078880905409381,0.0
42,36.1413612565445,EBL,31.586206896551722,,under,34.5,lost,1.83,41.0,0.0,0.0,0.0,0.0,0.0,-1.0617142411045393,0.5231029362444133,-0.468056459937813,1.120551452057974,0.46549902257931564
19,27.14814814814815,LEC,26.27027027027027,25.39,under,22.5,won,1.83,19.0,0.0,0.0,-0.6320467219229506,1.0984264443831435,0.0,-1.0617142411045393,0.5231029362444133,-0.9130980650743759,1.7827561319782248,-1.1261807448375052
14,27.14814814814815,LEC,26.27027027027027,25.39,under,22.5,won,1.83,14.0,0.0,0.0,0.0,-1.9946898409830425,0.0,1.2815801036603958,0.0,-0.468056459937813,0.0,-1.078880905409381
23,27.14814814814815,LEC,29.3,25.462962962962962,under,24.5,won,1.83,23.0,0.0,0.0,-0.7760435577368519,-0.64039106873566,0.0,0.0,0.0,0.5231029362444133,0.46549902257931564,1.7827561319782248
32,27.14814814814815,LEC,29.3,25.462962962962962,under,24.5,lost,1.83,31.0,0.5609560677137821,0.0,0.0,0.0,0.0,0.6655385399034301,-0.9130980650743759,0.0,-1.1261807448375052,-0.6816806276591585
37,28.831481481481482,LCK,,,under,32.5,lost,1.83,37.0,0.5609560677137821,0.0,2.3987899605761314,0.0,-0.8095983863874423,0.0,0.9020397066897203,0.7520050888007717,-1.078880905409381,1.7827561319782248
22,28.831481481481482,LCK,,,under,32.5,won,1.83,22.0,0.0,0.0,0.0,-0.6320467219229506,0.6655385399034301,0.0,-0.9130980650743759,-0.8113044475574895,-1.1261807448375052,-0.6816806276591585
26,27.14814814814815,LEC,29.153846153846153,26.66304347826087,under,25.5,won,1.83,25.0,0.0,0.5609560677137821,1.2567508672476961,-1.9946898409830425,0.0,0.0,0.5231029362444133,0.0,-1.1261807448375052,0.46549902257931564
26,27.14814814814815,LEC,29.153846153846153,26.66304347826087,under,25.5,lost,1.83,26.0,0.0,0.0,-0.7760435577368519,0.0,-1.1986585288014666,-1.9393307422504513,-0.8113044475574895,-0.9130980650743759,-0.9659723665617115,1.7827561319782248
32,27.14814814814815,LEC,26.5,,under,25.5,lost,1.83,32.0,2.9751714222517123,0.0,-0.7760435577368519,0.0,1.2815801036603958,-1.0617142411045393,0.9020397066897203,0.7520050888007717,0.46549902257931564,0.0
21,27.14814814814815,LEC,26.5,,under,25.5,won,1.83,21.0,0.0,0.0,-0.64039106873566,-1.0332368361565436,-0.8095983863874423,-1.1986585288014666,-0.9130980650743759,-0.468056459937813,-1.1261807448375052,1.7827561319782248
18,33.23076923076923,ROL,30.22641509433962,35.46,under,34.5,won,1.8,16.0,0.0,0.0,1.2567508672476961,-0.6320467219229506,-0.8095983863874423,-0.6263770292967372,-0.8113044475574895,0.7520050888007717,-1.078880905409381,-1.057365285027263
25,33.23076923076923,ROL,30.22641509433962,35.46,under,34.5,won,1.8,25.0,-1.5721442954792302,0.0,-0.64039106873566,-1.0332368361565436,0.6655385399034301,-1.234138311281054,0.0,0.0,1.7827561319782248,-0.9659723665617115
31,33.23076923076923,ROL,35.160714285714285,,under,34.5,won,1.83,26.0,-0.8659941634725179,0.0,-1.9946898409830425,-0.7760435577368519,0.0,0.0,-0.8113044475574895,0.0,-0.6816806276591585,1.7827561319782248
22,33.0375,TCL,,34.9264705882353,under,35.5,won,1.83,22.0,0.0,0.0,-0.7760435577368519,0.0,0.6655385399034301,-0.8095983863874423,-0.468056459937813,0.5231029362444133,0.46549902257931564,-0.9659723665617115
38,33.0375,TCL,,33.97560975609756,over,32.5,won,1.83,38.0,0.0,0.0,-0.6320467219229506,-0.7760435577368519,-0.8095983863874423,0.0,0.0,0.0,-0.6816806276591585,0.46549902257931564
32,29.229559748427672,LFL,29.155555555555555,29.57943925233645,under,29.5,lost,1.83,30.0,0.0,0.0,1.0984264443831435,1.2567508672476961,0.0,-0.8095983863874423,-1.4326523672446747,0.0,-0.6816806276591585,-1.078880905409381
39,29.229559748427672,LFL,29.155555555555555,29.57943925233645,under,29.5,lost,1.83,39.0,0.5609560677137821,0.0,0.8434335133614894,-0.7760435577368519,0.0,-0.6263770292967372,0.5231029362444133,0.0,0.46549902257931564,1.7827561319782248
28,28.831481481481482,LCK,28.091603053435115,26.92079207920792,under,29.5,won,1.83,28.0,0.0,0.0,1.0984264443831435,1.2567508672476961,-1.0617142411045393,0.0,0.5231029362444133,-0.8113044475574895,-1.078880905409381,0.46549902257931564
25,28.831481481481482,LCK,28.091603053435115,26.92079207920792,under,29.5,won,1.83,25.0,-1.5721442954792302,0.5609560677137821,-0.7760435577368519,-0.6320467219229506,0.6655385399034301,0.0,-1.2403757694101287,0.9020397066897203,-1.1261807448375052,1.7827561319782248
29,32.79136690647482,LIT,34.16326530612245,32.285714285714285,under,33.5,to_verify,1.83,,0.5609560677137821,0.0,1.2567508672476961,0.0,0.0,0.6655385399034301,0.0,0.0,-0.6816806276591585,0.46549902257931564
37,32.79136690647482,LIT,34.16326530612245,32.285714285714285,under,33.5,to_verify,1.83,,3.528201725282017,0.0,1.0984264443831435,0.0,-1.234138311281054,0.0,0.7520050888007717,0.9020397066897203,-1.057365285027263,-1.078880905409381
40,30.07286432160804,LPL,,40.01960784313726,under,32.5,to_verify,1.83,,0.0,0.0,-1.9946898409830425,-0.7760435577368519,-0.8095983863874423,0.6655385399034301,0.0,0.0,1.7827561319782248,-2.2426813296105834
46,30.07286432160804,LPL,,40.01960784313726,under,32.5,to_verify,1.83,,0.0,0.0,0.0,1.2567508672476961,0.0,-0.6263770292967372,0.0,-0.9130980650743759,-0.6816806276591585,1.120551452057974
28,28.831481481481482,LCK,,29.50515463917526,under,32.5,won,1.83,28.0,0.5609560677137821,0.0,-0.7760435577368519,0.0,0.0,0.0,-0.8113044475574895,0.5231029362444133,0.0,-1.078880905409381
30,28.831481481481482,LCK,,29.50515463917526,under,32.5,won,1.83,30.0,0.0,0.0,1.2567508672476961,1.0984264443831435,1.2815801036603958,0.6655385399034301,-0.9130980650743759,0.0,-1.1261807448375052,-0.9659723665617115
24,30.07286432160804,LPL,32.26086956521739,33.21212121212121,under,34.5,pending,1.83,,0.0,-1.155716943849221,0.0,0.0,1.0853159537389274,0.0,0.5231029362444133,0.0,-1.1261807448375052,1.120551452057974
30,30.07286432160804,LPL,32.26086956521739,33.21212121212121,under,34.5,pending,1.83,,0.0,-0.8659941634725179,0.0,0.0,0.0,0.0,0.0,0.9020397066897203,-2.2426813296105834,0.46549902257931564
47,30.07286432160804,LPL,45.0,39.888888888888886,under,35.5,pending,1.83,,0.0,0.0,0.8434335133614894,0.0,1.8913858048840098,1.0853159537389274,0.0,-0.8113044475574895,-0.9659723665617115,-1.078880905409381
59,30.07286432160804,LPL,45.0,39.888888888888886,under,35.5,pending,1.83,,0.0,0.0,-1.0332368361565436,0.0,0.0,0.0,-1.4326523672446747,0.9020397066897203,0.0,1.7827561319782248
37,33.06190476190476,NLC,31.42528735632184,30.29824561403509,under,30.5,lost,1.83,37.0,0.0,0.0,-0.7760435577368519,1.2567508672476961,1.0853159537389274,0.6655385399034301,-0.9130980650743759,0.5231029362444133,-1.1261807448375052,-1.078880905409381
34,33.06190476190476,NLC,31.42528735632184,30.29824561403509,under,30.5,lost,1.83,34.0,-0.5685724682663711,0.0,-1.9946898409830425,1.0984264443831435,0.0,0.0,0.0,-1.4326523672446747,-0.6816806276591585,-0.9659723665617115
34,33.0375,TCL,,,over,29.5,lost,1.83,3.0,-1.155716943849221,3.528201725282017,-0.7760435577368519,1.2567508672476961,0.0,0.6655385399034301,0.0,-0.9130980650743759,-0.6816806276591585,0.46549902257931564
19,33.0375,TCL,,,over,29.5,to_verify,1.83,,-0.8659941634725179,0.0,0.0,0.0,0.0,-0.8095983863874423,0.0,-1.4326523672446747,1.7827561319782248,1.120551452057974
28,28.831481481481482,LCK,29.50515463917526,26.92079207920792,under,29.5,won,1.83,26.0,0.0,0.0,1.2567508672476961,1.0984264443831435,-1.0617142411045393,0.0,0.0,0.5231029362444133,-0.9659723665617115,-1.1261807448375052
21,28.831481481481482,LCK,29.50515463917526,26.92079207920792,under,29.5,won,1.83,21.0,0.5609560677137821,0.0,0.0,0.0,0.0,-0.8095983863874423,-1.2403757694101287,-0.8113044475574895,1.7827561319782248,1.120551452057974
40,30.07286432160804,LPL,31.015748031496063,27.926470588235293,over,30.5,won,1.83,40.0,0.5609560677137821,0.0,0.0,0.0,0.0,0.0,0.0,0.0,0.46549902257931564,0.0
34,30.07286432160804,LPL,31.015748031496063,27.926470588235293,over,30.5,won,1.83,34.0,-1.5721442954792302,0.0,-0.6320467219229506,1.0984264443831435,0.6655385399034301,0.0,0.7520050888007717,-0.8113044475574895,1.120551452057974,1.7827561319782248
30,30.07286432160804,LPL,,32.26086956521739,under,33.5,won,1.83,29.0,0.0,0.0,0.0,-0.6320467219229506,0.0,-0.8095983863874423,-1.4326523672446747,0.5231029362444133,0.46549902257931564,-0.6816806276591585
31,30.07286432160804,LPL,,32.26086956521739,under,33.5,won,1.83,29.0,0.5609560677137821,0.0,0.0,0.0,0.0,0.0,-0.8113044475574895,0.9020397066897203,0.0,1.563734720205872
40,30.07286432160804,LPL,37.857142857142854,,under,35.5,lost,1.83,40.0,0.0,0.0,1.2567508672476961,-0.7760435577368519,0.0,0.0,0.0,0.5231029362444133,1.7827561319782248,0.46549902257931564
36,30.07286432160804,LPL,37.857142857142854,,under,35.5,lost,1.83,40.0,0.0,0.0,0.0,0.0,1.0853159537389274,0.0,0.7520050888007717,-1.4326523672446747,0.0,-2.2426813296105834
50,30.07286432160804,LPL,45.0,,under,38.5,lost,1.83,50.0,2.5615350586153482,0.0,1.0984264443831435,-1.0332368361565436,0.0,1.8913858048840098,-1.2403757694101287,-0.8113044475574895,1.120551452057974,0.0
41,30.07286432160804,LPL,45.0,,under,38.5,lost,1.83,50.0,0.0,-0.5685724682663711,-0.7760435577368519,0.0,0.6655385399034301,0.0,-1.4326523672446747,0.9020397066897203,0.46549902257931564,-1.1261807448375052
51,28.831481481481482,LCK,,,under,30.5,lost,1.83,51.0,0.0,0.0,0.0,0.0,0.0,0.0,-0.8113044475574895,0.5231029362444133,-0.6816806276591585,-1.1261807448375052
25,28.831481481481482,LCK,,,under,30.5,lost,1.83,51.0,0.5609560677137821,0.0,1.757209358869801,-0.7760435577368519,0.0,1.2815801036603958,0.7520050888007717,0.9020397066897203,0.0,-1.057365285027263
22,28.831481481481482,LCK,,,under,31.5,won,1.83,22.0,-1.155716943849221,0.5609560677137821,0.0,0.0,0.0,0.0,0.5231029362444133,-0.8113044475574895,-0.6816806276591585,-1.842584791571916
33,28.831481481481482,LCK,,,under,31.5,won,1.83,22.0,0.0,0.0,-1.9946898409830425,0.0,0.6655385399034301,0.0,0.0,0.0,0.0,-1.1261807448375052
32,28.831481481481482,LCK,,,under,30.5,lost,1.83,32.0,0.0,0.0,0.0,-0.7760435577368519,0.0,-1.0617142411045393,-0.9130980650743759,0.5231029362444133,-1.1261807448375052,0.0
55,28.831481481481482,LCK,,,under,30.5,lost,1.83,32.0,0.5609560677137821,0.0,1.0984264443831435,0.0,0.0,0.0,-1.2403757694101287,-0.8113044475574895,-2.2426813296105834,-0.6816806276591585
36,36.1413612565445,EBL,,,under,41.5,won,1.8,35.0,0.0,0.0,1.2567508672476961,-0.7760435577368519,0.0,0.6655385399034301,0.0,0.5231029362444133,0.46549902257931564,-0.6816806276591585
41,36.1413612565445,EBL,,,under,41.5,won,1.8,35.0,0.0,-0.5685724682663711,1.0984264443831435,0.0,0.0,0.0,0.7520050888007717,-0.8113044475574895,1.7827561319782248,0.0
17,29.229559748427672,LFL,28.271428571428572,29.155555555555555,under,31.5,won,1.83,17.0,0.5609560677137821,0.0,1.0984264443831435,-0.6320467219229506,0.0,0.0,0.0,0.0,0.46549902257931564,-1.1261807448375052
22,29.229559748427672,LFL,28.271428571428572,29.155555555555555,under,31.5,won,1.83,22.0,0.0,-0.5685724682663711,0.0,-1.9946898409830425,0.0,0.6655385399034301,0.7520050888007717,-0.8113044475574895,0.0,1.7827561319782248
15,36.1413612565445,EBL,31.586206896551722,35.189655172413794,under,33.5,won,1.83,14.0,0.0,0.0,0.0,-0.7760435577368519,0.0,0.0,0.0,0.5231029362444133,-1.1261807448375052,-0.6816806276591585
24,36.1413612565445,EBL,31.586206896551722,35.189655172413794,under,33.5,won,1.83,22.0,0.0,0.0,0.0,-1.0332368361565436,-0.8095983863874423,-1.1986585288014666,-1.2403757694101287,0.0,-3.700805908305771,0.46549902257931564
22,30.07286432160804,LPL,40.01960784313726,33.21212121212121,under,35.5,won,1.83,22.0,-1.155716943849221,0.0,0.0,-0.6320467219229506,0.0,0.0,0.0,0.0,0.46549902257931564,-0.6816806276591585
26,30.07286432160804,LPL,40.01960784313726,33.21212121212121,under,35.5,won,1.83,26.0,0.0,0.5609560677137821,0.0,-0.7760435577368519,0.0,1.0853159537389274,0.0,-0.468056459937813,-1.078880905409381,-1.1261807448375052
30,30.590579710144926,NACL,31.32758620689655,27.07843137254902,under,28.5,lost,1.83,30.0,0.5609560677137821,0.0,0.0,-1.9946898409830425,0.0,0.0,-0.468056459937813,0.5231029362444133,-1.1261807448375052,-1.7642883932950575
22,30.590579710144926,NACL,31.32758620689655,27.07843137254902,under,28.5,won,1.83,22.0,0.0,0.0,-0.64039106873566,0.0,-0.8095983863874423,0.0,0.0,0.0,1.7827561319782248,0.46549902257931564
30,36.1413612565445,EBL,,35.189655172413794,under,37.5,won,1.83,30.0,0.0,0.5609560677137821,0.0,-0.6320467219229506,0.0,0.0,0.5231029362444133,0.0,1.120551452057974,-1.1261807448375052
36,28.831481481481482,LCK,29.76068376068376,28.091603053435115,under,29.5,lost,1.83,32.0,0.0,0.5609560677137821,1.2567508672476961,1.0984264443831435,1.2815801036603958,0.0,0.5231029362444133,-0.468056459937813,0.0,-1.057365285027263
29,28.831481481481482,LCK,29.76068376068376,28.091603053435115,under,29.5,won,1.83,29.0,-1.5721442954792302,0.0,0.0,0.0,-1.0617142411045393,0.0,-0.8113044475574895,-1.2403757694101287,-0.6816806276591585,-1.1261807448375052
22,30.07286432160804,LPL,30.443786982248522,28.474074074074075,over,29.5,lost,1.83,22.0,0.0,0.0,-1.9946898409830425,-0.7760435577368519,0.0,0.6655385399034301,-0.8113044475574895,0.0,-2.2426813296105834,1.120551452057974
32,30.07286432160804,LPL,30.443786982248522,28.474074074074075,over,29.5,won,1.83,32.0,-0.5685724682663711,0.0,0.0,1.757209358869801,-1.0617142411045393,0.0,-0.9130980650743759,0.0,-1.1261807448375052,-0.6816806276591585
32,27.14814814814815,LEC,26.66304347826087,28.756756756756758,under,25.5,lost,1.83,31.0,0.0,0.0,0.0,-0.7760435577368519,0.0,0.0,-0.9130980650743759,-0.8113044475574895,-1.1261807448375052,0.46549902257931564
30,27.14814814814815,LEC,26.66304347826087,28.756756756756758,under,25.5,lost,1.83,30.0,0.0,0.0,1.2567508672476961,0.0,-1.1986585288014666,-1.234138311281054,0.0,0.0,-0.6816806276591585,0.0
24,28.831481481481482,LCK,29.335714285714285,28.091603053435115,over,28.5,lost,1.83,24.0,0.0,0.0,1.2567508672476961,1.0984264443831435,0.0,0.0,0.9020397066897203,-0.468056459937813,0.0,-1.078880905409381
25,28.831481481481482,LCK,29.335714285714285,28.091603053435115,over,28.5,lost,1.83,25.0,0.0,-1.155716943849221,-0.7760435577368519,0.0,0.0,-1.9393307422504513,0.5231029362444133,0.0,0.46549902257931564,-0.6816806276591585
25,29.229559748427672,LFL,25.976470588235294,28.271428571428572,under,29.5,pending,1.83,,0.5609560677137821,0.0,1.0984264443831435,1.2567508672476961,-1.0617142411045393,0.0,-0.9130980650743759,0.5231029362444133,-1.1261807448375052,0.46549902257931564
32,29.229559748427672,LFL,25.976470588235294,28.271428571428572,under,29.5,pending,1.83,,0.0,-1.5721442954792302,-0.7760435577368519,0.0,1.0853159537389274,0.0,0.0,0.0,-0.9659723665617115,-0.6816806276591585
