total_kills,league_mean_kills,league,mean_total_kills_t1,mean_total_kills_t2,bet_line,bet_value,bet_status,house_odds,actual_value,impact_top_t1,impact_top_t2,impact_jung_t1,impact_jung_t2,impact_mid_t1,impact_mid_t2,impact_adc_t1,impact_adc_t2,impact_sup_t1,impact_sup_t2,won,profit,prob_under
35,30.07286432160804,LPL,39.15384615384615,32.54761904761905,under,36.5,won,1.83,35.0,0.0,0.0,1.256750867247696,0.0,0.0,0.0,0.7520050888007717,0.9020397066897204,0.4654990225793156,0.0,1,0.8300000000000001,0.2317880890343007
22,30.07286432160804,LPL,39.15384615384615,32.54761904761905,under,36.5,won,1.83,22.0,1.2452748960137257,0.0,-0.751940118689614,0.0,0.0,2.339012536092831,-1.4326523672446747,0.5231029362444133,-2.2426813296105834,-1.078880905409381,1,0.8300000000000001,0.4024275559879139
29,28.83148148148148,LCK,27.80434782608696,29.50515463917526,over,25.5,won,1.83,29.0,0.0,-1.5721442954792302,0.0,-0.6320467219229506,0.0,0.0,0.0,0.7520050888007717,-0.9659723665617116,0.4654990225793156,1,0.8300000000000001,0.6629955304660407
32,28.83148148148148,LCK,27.80434782608696,29.50515463917526,over,25.5,won,1.83,32.0,-0.8659941634725179,0.0,-1.9946898409830425,0.0,-0.6263770292967372,0.0,0.0,0.0,0.0,-0.6816806276591585,1,0.8300000000000001,0.7229252279689911
26,27.25563909774436,LCP,27.753846153846155,25.638297872340427,under,24.5,lost,1.83,26.0,0.0,0.5609560677137821,0.0,0.0,0.6655385399034301,0.0,0.7520050888007717,0.0,1.7827561319782248,0.0,0,-1.0,0.4435651075719032
19,27.25563909774436,LCP,27.753846153846155,25.638297872340427,under,24.5,won,1.83,19.0,-0.5685724682663711,0.0,-2.4473084787996164,0.8434335133614894,-1.234138311281054,0.0,0.0,-0.468056459937813,1.120551452057974,0.4654990225793156,1,0.8300000000000001,0.6690287856731318
29,33.0375,TCL,34.71621621621622,32.64556962025316,over,32.5,lost,1.83,29.0,0.5609560677137821,0.0,0.0,0.0,0.0,0.6655385399034301,0.0,0.9020397066897204,0.4654990225793156,1.120551452057974,0,-1.0,0.27288905402164504
37,33.0375,TCL,34.71621621621622,32.64556962025316,over,32.5,won,1.83,37.0,1.2452748960137257,-1.5721442954792302,1.256750867247696,-0.751940118689614,-1.0617142411045393,0.0,-0.468056459937813,-1.0421821869666132,-1.078880905409381,-1.842584791571916,1,0.8300000000000001,0.5605668243370863
18,30.59057971014493,NACL,28.80851063829787,29.92105263157895,over,27.5,lost,1.83,18.0,0.0,0.0,0.0,0.0,-1.0617142411045393,0.0,0.0,0.0,-1.1261807448375052,-3.700805908305771,0,-1.0,0.7322870454342298
24,30.59057971014493,NACL,28.80851063829787,29.92105263157895,over,27.5,lost,1.83,24.0,-0.8659941634725179,0.0,0.0,-0.64039106873566,-1.234138311281054,0.0,0.9020397066897204,-1.4326523672446747,-0.6816806276591585,-1.078880905409381,0,-1.0,0.6829520176610854
25,27.82010582010582,LTA N,29.026315789473685,27.444444444444443,under,27.5,won,1.83,25.0,0.0,0.5609560677137821,1.256750867247696,-0.751940118689614,0.0,-1.0617142411045393,0.7520050888007717,0.9020397066897204,-0.6816806276591585,-0.9659723665617116,1,0.8300000000000001,0.5883974046605154
45,27.82010582010582,LTA N,29.026315789473685,27.444444444444443,under,27.5,lost,1.83,45.0,-1.5721442954792302,3.528201725282017,0.0,0.0,-0.8095983863874423,0.6655385399034301,-0.468056459937813,0.0,1.120551452057974,0.4654990225793156,0,-1.0,0.37954371097687356
30,27.14814814814815,LEC,27.384615384615383,26.66304347826087,under,27.5,lost,1.83,30.0,0.5609560677137821,0.0,0.0,0.0,0.0,0.0,-0.468056459937813,-0.913098065074376,-1.1261807448375052,0.4654990225793156,0,-1.0,0.6263298964137513
36,27.14814814814815,LEC,27.384615384615383,26.66304347826087,under,27.5,lost,1.83,36.0,0.0,0.0,-0.64039106873566,1.256750867247696,-1.1986585288014666,1.2815801036603958,-1.0421821869666132,0.0,1.120551452057974,0.0,0,-1.0,0.483971335168574
27,30.07286432160804,LPL,28.474074074074075,29.01020408163265,under,29.5,won,1.83,27.0,0.0,-1.5721442954792302,0.0,1.256750867247696,0.6655385399034301,0.0,-0.913098065074376,-0.468056459937813,-1.1261807448375052,-0.6816806276591585,1,0.8300000000000001,0.6425749340793778
27,30.07286432160804,LPL,28.474074074074075,29.01020408163265,under,29.5,won,1.83,27.0,-0.5685724682663711,-1.155716943849221,-0.751940118689614,-0.7760435577368519,0.0,0.0,0.0,0.0,-1.7642883932950577,0.0,1,0.8300000000000001,0.7669906314105952
52,36.219858156028366,VCS,33.810810810810814,42.142857142857146,over,35.5,won,1.83,52.0,0.0,0.0,0.0,-0.751940118689614,0.6655385399034301,0.0,0.7520050888007717,0.9020397066897204,1.7827561319782248,0.0,1,0.8300000000000001,0.21351643271046222
19,29.229559748427672,LFL,25.97647058823529,29.155555555555555,under,28.5,won,1.83,19.0,0.5609560677137821,0.0,0.0,-0.751940118689614,0.0,0.0,-0.468056459937813,0.0,-1.1261807448375052,1.7827561319782248,1,0.8300000000000001,0.5876929972080961
13,29.229559748427672,LFL,25.97647058823529,29.155555555555555,under,28.5,won,1.83,13.0,0.0,2.6805826776629686,-1.0332368361565436,-0.7760435577368519,-1.234138311281054,0.0,0.0,0.0,-0.9659723665617116,0.4654990225793156,1,0.8300000000000001,0.6087449618876429
29,36.1413612565445,EBL,31.58620689655172,35.189655172413794,under,33.5,won,1.83,29.0,0.0,0.0,0.0,-0.6320467219229506,0.0,0.0,0.7520050888007717,0.9020397066897204,-1.1261807448375052,-0.6816806276591585,1,0.8300000000000001,0.49288000335412496
29,36.1413612565445,EBL,31.58620689655172,35.189655172413794,under,33.5,won,1.83,29.0,-0.8659941634725179,0.0,-0.64039106873566,-1.0332368361565436,-0.8095983863874423,0.6655385399034301,0.0,0.0,1.120551452057974,0.4654990225793156,1,0.8300000000000001,0.44303647231989884
25,36.219858156028366,VCS,42.142857142857146,33.142857142857146,over,35.5,lost,1.83,25.0,-0.8659941634725179,0.0,1.256750867247696,0.0,0.0,0.6655385399034301,0.7520050888007717,0.0,-0.6816806276591585,0.4654990225793156,0,-1.0,0.23612480406546338
31,36.219858156028366,VCS,42.142857142857146,33.142857142857146,over,35.5,lost,1.83,31.0,0.5609560677137821,0.0,-0.7760435577368519,0.0,-1.234138311281054,0.0,0.0,-0.913098065074376,-0.9659723665617116,1.7827561319782248,0,-1.0,0.3283508053668281
58,33.0375,TCL,33.97560975609756,34.71621621621622,over,36.5,won,1.83,58.0,0.0,0.0,0.0,1.757209358869801,0.6655385399034301,0.0,0.0,0.5231029362444133,1.7827561319782248,0.4654990225793156,1,0.8300000000000001,0.19540054387292607
30,33.0375,TCL,33.97560975609756,34.71621621621622,over,36.5,lost,1.83,30.0,0.5609560677137821,0.0,-0.751940118689614,0.8434335133614894,-0.8095983863874423,0.0,0.0,-0.468056459937813,-0.9659723665617116,1.120551452057974,0,-1.0,0.380523693361095
31,30.07286432160804,LPL,31.733766233766232,31.208695652173912,under,32.5,won,1.83,31.0,0.0,0.0,0.0,1.256750867247696,0.6655385399034301,0.0,0.0,-1.0421821869666132,-1.7642883932950577,-1.842584791571916,1,0.8300000000000001,0.5589264382998732
27,30.07286432160804,LPL,31.733766233766232,31.208695652173912,under,32.5,won,1.83,27.0,-1.5721442954792302,0.0,0.0,0.0,0.0,1.2815801036603958,-0.913098065074376,0.5231029362444133,-1.1261807448375052,1.7827561319782248,1,0.8300000000000001,0.46777665313943856
22,27.25563909774436,LCP,27.753846153846155,30.5,under,25.5,won,1.83,22.0,-0.5685724682663711,-1.5721442954792302,1.256750867247696,0.0,0.0,0.0,-0.913098065074376,0.0,-1.1261807448375052,-0.6816806276591585,1,0.8300000000000001,0.6555144821138116
19,27.25563909774436,LCP,27.753846153846155,30.5,under,25.5,won,1.83,19.0,0.5609560677137821,0.0,-1.0332368361565436,-0.7760435577368519,-1.234138311281054,0.0,0.0,-1.0421821869666132,-1.7642883932950577,0.0,1,0.8300000000000001,0.7226621853419001
25,31.37037037037037,CD,33.170212765957444,29.982142857142858,over,29.5,lost,1.83,25.0,0.0,0.0,0.0,0.0,0.0,0.6655385399034301,-0.468056459937813,0.0,-0.9659723665617116,1.7827561319782248,0,-1.0,0.4148871654734142
39,31.37037037037037,CD,33.170212765957444,29.982142857142858,over,29.5,won,1.83,39.0,0.5609560677137821,0.0,-0.751940118689614,-0.64039106873566,0.0,1.2815801036603958,-0.913098065074376,0.9020397066897204,-1.1261807448375052,0.4654990225793156,1,0.8300000000000001,0.5018686334784421
37,36.219858156028366,VCS,33.142857142857146,36.76923076923077,over,32.5,won,1.83,37.0,0.0,0.5609560677137821,0.0,0.0,0.0,-1.0617142411045393,0.0,0.9020397066897204,-0.9659723665617116,-1.078880905409381,1,0.8300000000000001,0.4714827649547715
28,36.219858156028366,VCS,33.142857142857146,36.76923076923077,over,32.5,lost,1.83,28.0,0.0,0.0,-0.7760435577368519,-0.751940118689614,0.0,0.0,0.0,-0.8113044475574895,0.0,0.4654990225793156,0,-1.0,0.4414576701394534
31,30.07286432160804,LPL,31.208695652173912,31.696969696969692,under,32.5,won,1.83,31.0,0.5609560677137821,0.0,1.256750867247696,0.0,0.0,-0.8095983863874423,-0.913098065074376,-1.0421821869666132,-1.1261807448375052,-1.842584791571916,1,0.8300000000000001,0.5763506502993189
42,30.07286432160804,LPL,31.208695652173912,31.696969696969692,under,32.5,lost,1.83,42.0,0.0,0.0,-0.751940118689614,0.0,0.6655385399034301,0.0,0.0,0.0,1.7827561319782248,-0.9659723665617116,0,-1.0,0.4396617143936117
28,36.219858156028366,VCS,33.142857142857146,33.810810810810814,under,35.5,won,1.83,28.0,0.0,-1.155716943849221,-1.9946898409830425,0.0,-0.8095983863874423,0.0,0.7520050888007717,0.9020397066897204,-0.6816806276591585,0.4654990225793156,1,0.8300000000000001,0.5741631635217517
24,36.219858156028366,VCS,33.142857142857146,33.810810810810814,under,35.5,won,1.83,24.0,0.0,0.5609560677137821,0.0,0.0,0.0,0.0,0.0,0.0,-0.9659723665617116,-3.700805908305771,1,0.8300000000000001,0.5784916590722339
46,36.219858156028366,VCS,39.1875,42.142857142857146,over,35.5,won,1.83,46.0,0.0,0.0,0.0,0.0,0.0,0.0,0.0,-0.468056459937813,1.120551452057974,0.0,1,0.8300000000000001,0.1939520888164095
52,36.219858156028366,VCS,39.1875,42.142857142857146,over,35.5,won,1.83,52.0,0.0,0.0,0.0,-0.7760435577368519,0.0,0.0,0.9020397066897204,0.7520050888007717,0.0,1.7827561319782248,1,0.8300000000000001,0.18552609461292563
31,36.13903743315508,LJL,32.22950819672131,38.490566037735846,under,34.5,won,1.83,31.0,-1.5721442954792302,0.0,0.0,0.0,0.0,0.0,0.0,0.7520050888007717,1.7827561319782248,-1.842584791571916,1,0.8300000000000001,0.39012475450880946
32,27.25563909774436,LCP,26.91489361702128,27.753846153846155,under,25.5,lost,1.9,32.0,0.5609560677137821,0.0,-1.0332368361565436,0.0,-1.30008110300081,0.6655385399034301,0.0,-1.0421821869666132,1.7827561319782248,-1.842584791571916,0,-1.0,0.6022351378412698
29,27.25563909774436,LCP,26.91489361702128,27.753846153846155,under,25.5,lost,1.9,29.0,1.2452748960137257,0.0,0.0,0.0,0.0,0.0,0.0,-0.913098065074376,0.0,-1.1261807448375052,0,-1.0,0.581883264522651
20,27.809278350515463,LTA S,28.980392156862745,28.76315789473684,under,28.5,won,1.83,20.0,0.0,0.0,0.0,0.0,-0.8095983863874423,0.6655385399034301,-0.913098065074376,0.7520050888007717,-1.1261807448375052,0.0,1,0.8300000000000001,0.5897416354260328
44,27.809278350515463,LTA S,28.980392156862745,28.76315789473684,under,28.5,lost,1.83,44.0,0.5609560677137821,-1.155716943849221,0.0,-0.7760435577368519,-0.6263770292967372,0.0,0.0,-0.468056459937813,0.4654990225793156,-0.6816806276591585,0,-1.0,0.6258053905167469
34,32.79136690647482,LIT,34.16326530612245,32.0,over,27.5,won,1.83,34.0,-1.155716943849221,0.0,-0.6320467219229506,0.0,0.6655385399034301,0.0,-0.913098065074376,0.5231029362444133,1.120551452057974,-0.9659723665617116,1,0.8300000000000001,0.4903622941038765
23,33.23076923076923,ROL,32.895833333333336,33.36363636363637,over,33.5,lost,1.83,23.0,0.5609560677137821,0.0,-1.0332368361565436,0.0,-1.30008110300081,-0.6263770292967372,0.0,-0.8113044475574895,-1.1261807448375052,0.4654990225793156,0,-1.0,0.5592138504022102
27,33.06190476190476,NLC,35.6,30.6,under,34.5,won,1.83,27.0,-1.155716943849221,0.0,0.0,-0.7760435577368519,0.6655385399034301,-1.0617142411045393,0.7520050888007717,-0.8113044475574895,0.0,0.0,1,0.8300000000000001,0.5399517194942803
38,33.06190476190476,NLC,30.29824561403509,36.78260869565217,under,31.5,lost,1.83,38.0,-1.5721442954792302,-0.5685724682663711,1.0984264443831435,-0.7760435577368519,-0.8095983863874423,0.0,-2.378273094861868,0.7520050888007717,1.120551452057974,-0.6816806276591585,0,-1.0,0.5148153411331263
32,32.79136690647482,LIT,34.16326530612245,32.285714285714285,over,29.5,won,1.83,32.0,-1.155716943849221,-0.5685724682663711,-0.6320467219229506,1.0984264443831435,0.6655385399034301,0.0,0.9020397066897204,0.0,0.4654990225793156,-0.9659723665617116,1,0.8300000000000001,0.4400723532677109
21,33.06190476190476,NLC,35.6,31.42528735632184,under,34.5,won,1.83,21.0,0.0,0.0,-0.6320467219229506,0.8434335133614894,1.0853159537389274,1.2815801036603958,0.9020397066897204,0.7520050888007717,-1.1261807448375052,1.7827561319782248,1,0.8300000000000001,0.2730397162839868
35,33.15511551155115,PRM,32.34375,30.884615384615383,under,33.5,lost,1.83,35.0,-1.155716943849221,-0.8659941634725179,1.0984264443831435,-0.7760435577368519,-0.8095983863874423,-1.0617142411045393,0.0,-0.468056459937813,-0.9659723665617116,0.4654990225793156,0,-1.0,0.6291750907983515
21,33.15511551155115,PRM,32.34375,30.884615384615383,under,33.5,won,1.83,21.0,0.0,0.0,1.256750867247696,0.0,0.0,1.0853159537389274,-0.913098065074376,0.5231029362444133,-1.1261807448375052,0.0,1,0.8300000000000001,0.40293093230321786
24,30.12878787878788,LVP SL,28.45833333333333,30.9811320754717,over,25.5,lost,1.83,24.0,0.0,0.0,-0.7760435577368519,-1.0332368361565436,0.0,0.0,0.9020397066897204,0.7520050888007717,1.7827561319782248,-0.9659723665617116,0,-1.0,0.5245874060239302
44,30.12878787878788,LVP SL,30.9811320754717,32.40909090909091,under,32.5,lost,1.83,44.0,0.5609560677137821,0.0,0.0,0.0,-0.8095983863874423,0.0,0.7520050888007717,0.9020397066897204,0.4654990225793156,0.0,0,-1.0,0.387762073526761
21,30.59057971014493,NACL,31.5,31.08888888888889,over,29.5,lost,1.83,21.0,0.0,0.5609560677137821,-0.7760435577368519,0.0,-0.8095983863874423,0.6655385399034301,-2.378273094861868,-0.913098065074376,-0.9659723665617116,0.4654990225793156,0,-1.0,0.5800101705318992
28,30.59057971014493,NACL,31.08888888888889,30.5,over,29.5,lost,1.83,28.0,0.0,0.0,0.0,-0.7760435577368519,0.0,0.6655385399034301,0.0,0.0,-2.2426813296105834,-1.7642883932950577,0,-1.0,0.6712924419118858
14,30.07286432160804,LPL,28.474074074074075,31.208695652173912,under,30.5,won,1.83,14.0,0.0,0.0,1.256750867247696,0.0,0.0,0.6655385399034301,-0.913098065074376,-0.468056459937813,-1.1261807448375052,1.7827561319782248,1,0.8300000000000001,0.4151656916089477
26,30.07286432160804,LPL,28.474074074074075,31.208695652173912,under,30.5,won,1.83,26.0,0.5609560677137821,0.0,-0.64039106873566,-0.7760435577368519,-1.1986585288014666,0.0,0.0,-0.8113044475574895,0.0,1.120551452057974,1,0.8300000000000001,0.5525182072981029
13,36.219858156028366,VCS,35.59574468085106,36.76923076923077,over,33.5,lost,1.83,13.0,0.0,0.0,-0.6320467219229506,0.0,-0.8095983863874423,0.6655385399034301,0.0,-0.8113044475574895,-2.845292250621597,-0.6816806276591585,0,-1.0,0.5328065508531504
33,36.219858156028366,VCS,35.59574468085106,36.76923076923077,over,33.5,lost,1.83,33.0,-1.155716943849221,-0.8659941634725179,-0.751940118689614,-0.7760435577368519,0.0,-1.0617142411045393,-0.468056459937813,0.0,0.0,-1.1261807448375052,0,-1.0,0.6170530057148905
34,35.46153846153846,HLL,33.77777777777778,35.36538461538461,under,35.5,won,1.83,34.0,0.0,-1.155716943849221,-0.751940118689614,0.0,0.6655385399034301,0.0,0.7520050888007717,0.9020397066897204,-1.1261807448375052,0.4654990225793156,1,0.8300000000000001,0.4625536899397637
36,35.46153846153846,HLL,33.77777777777778,35.36538461538461,under,35.5,lost,1.83,36.0,-0.5685724682663711,1.2452748960137257,-0.7760435577368519,0.0,0.0,-0.8095983863874423,0.5231029362444133,0.0,1.120551452057974,1.7827561319782248,0,-1.0,0.2940435491133324
27,33.15511551155115,PRM,37.073170731707314,32.787234042553195,over,33.5,lost,1.83,27.0,-0.5685724682663711,-1.155716943849221,0.0,0.0,0.0,-0.8095983863874423,1.0830233897470125,-0.913098065074376,-1.842584791571916,-3.700805908305771,0,-1.0,0.6994104792903659
31,33.15511551155115,PRM,37.073170731707314,32.787234042553195,over,33.5,lost,1.83,31.0,0.0,0.0,-0.7760435577368519,-0.6320467219229506,-1.0617142411045393,-0.6263770292967372,0.5231029362444133,0.9020397066897204,-0.9659723665617116,0.4654990225793156,0,-1.0,0.5011503571388798
43,35.73378839590443,AL,39.5625,32.50909090909091,over,35.5,won,1.83,43.0,0.0,0.5609560677137821,0.0,-0.7760435577368519,0.0,0.0,-0.913098065074376,0.0,-1.1261807448375052,-1.842584791571916,1,0.8300000000000001,0.5090600753731024
28,35.73378839590443,AL,39.5625,32.50909090909091,over,35.5,lost,1.83,28.0,0.0,0.0,-1.9946898409830425,0.0,-0.6263770292967372,0.0,0.5231029362444133,0.0,0.0,-1.078880905409381,0,-1.0,0.49262640934013785
43,33.15511551155115,PRM,36.326530612244895,32.65277777777778,over,33.5,won,1.83,43.0,0.5609560677137821,-1.155716943849221,0.0,0.0,-0.8095983863874423,0.0,0.9020397066897204,-0.468056459937813,0.4654990225793156,-1.1261807448375052,1,0.8300000000000001,0.42087438095933083
28,33.15511551155115,PRM,36.326530612244895,32.65277777777778,over,33.5,lost,1.83,28.0,0.0,0.0,1.0984264443831435,-0.751940118689614,0.0,0.0,-0.8113044475574895,0.5231029362444133,-0.6816806276591585,1.120551452057974,0,-1.0,0.3594223832349964
19,30.07286432160804,LPL,26.88571428571429,29.01020408163265,under,27.5,won,1.83,19.0,0.0,0.5609560677137821,0.0,0.0,0.6655385399034301,0.0,-0.468056459937813,0.0,-0.9659723665617116,-0.6816806276591585,1,0.8300000000000001,0.6123099753195846
21,30.07286432160804,LPL,26.88571428571429,29.01020408163265,under,27.5,won,1.83,21.0,-1.155716943849221,-0.8659941634725179,0.0,-0.7760435577368519,-1.0617142411045393,0.0,0.0,-0.8113044475574895,1.7827561319782248,1.120551452057974,1,0.8300000000000001,0.5861059342599467
35,31.37037037037037,CD,33.170212765957444,29.982142857142858,over,29.5,won,1.83,35.0,0.5609560677137821,0.0,0.0,0.0,0.6655385399034301,0.0,0.5231029362444133,0.0,-0.6816806276591585,-1.078880905409381,1,0.8300000000000001,0.4848415473127482
27,31.37037037037037,CD,30.115384615384617,27.711111111111112,under,27.5,won,1.83,27.0,0.0,0.0,-0.7760435577368519,-0.6320467219229506,0.6655385399034301,0.0,0.7520050888007717,0.0,0.4654990225793156,-0.6816806276591585,1,0.8300000000000001,0.5843875964677229
30,28.83148148148148,LCK,30.847619047619048,29.48958333333333,over,28.5,won,1.83,30.0,0.0,0.0,1.757209358869801,-0.6320467219229506,0.0,0.6655385399034301,-0.468056459937813,-0.913098065074376,-1.1261807448375052,1.7827561319782248,1,0.8300000000000001,0.4050737553407732
27,28.83148148148148,LCK,30.847619047619048,29.48958333333333,over,28.5,lost,1.83,27.0,-1.155716943849221,0.0,0.0,-0.7760435577368519,-0.8095983863874423,0.0,0.7520050888007717,0.0,-0.6816806276591585,0.0,0,-1.0,0.6191807030274776
20,28.83148148148148,LCK,31.92622950819672,30.83739837398374,over,30.5,lost,1.83,20.0,-1.155716943849221,0.5609560677137821,0.0,-1.0332368361565436,-0.8095983863874423,-1.1986585288014666,0.0,0.0,0.4654990225793156,-0.9659723665617116,0,-1.0,0.6353284505039332
25,28.83148148148148,LCK,31.92622950819672,30.83739837398374,over,30.5,lost,1.83,25.0,0.0,0.0,1.0984264443831435,-0.7760435577368519,0.6655385399034301,0.0,0.0,-0.8113044475574895,0.0,-0.6816806276591585,0,-1.0,0.4659250375460218
44,33.15511551155115,PRM,32.39622641509434,37.073170731707314,over,32.5,won,1.83,44.0,0.5609560677137821,0.0,0.0,0.0,0.6655385399034301,-1.0617142411045393,-0.913098065074376,0.5231029362444133,0.4654990225793156,4.1582595287502215,1,0.8300000000000001,0.23700465480229596
41,33.15511551155115,PRM,32.39622641509434,37.073170731707314,over,32.5,won,1.83,41.0,-1.155716943849221,0.0,1.0984264443831435,-0.6320467219229506,-0.6263770292967372,0.0,0.7520050888007717,0.9020397066897204,-1.1261807448375052,1.7827561319782248,1,0.8300000000000001,0.3536263059925385
33,30.12878787878788,LVP SL,29.692307692307693,30.25925925925926,over,32.5,won,1.83,33.0,0.0,0.0,0.0,0.0,0.0,0.6655385399034301,-0.913098065074376,-1.2403757694101287,-1.1261807448375052,0.4654990225793156,1,0.8300000000000001,0.5516564392268372
23,33.15511551155115,PRM,30.884615384615383,32.787234042553195,under,32.5,won,1.83,23.0,0.0,1.2452748960137257,0.0,0.0,0.6655385399034301,0.0,-0.913098065074376,0.0,-1.842584791571916,-0.6816806276591585,1,0.8300000000000001,0.5303385774704942
30,33.15511551155115,PRM,30.884615384615383,32.787234042553195,under,32.5,won,1.83,30.0,0.0,-1.155716943849221,-0.7760435577368519,0.8434335133614894,-1.9393307422504515,0.0,0.7520050888007717,-0.8113044475574895,-0.9659723665617116,-1.1261807448375052,1,0.8300000000000001,0.623347845055651
28,31.37037037037037,CD,30.115384615384617,28.08695652173913,under,27.5,lost,1.83,28.0,0.0,0.0,0.0,-1.0332368361565436,0.0,0.6655385399034301,0.0,-0.468056459937813,1.7827561319782248,0.4654990225793156,0,-1.0,0.44578829856039126
29,30.07286432160804,LPL,31.208695652173912,31.733766233766232,under,31.5,won,1.83,29.0,-1.155716943849221,0.0,-0.7760435577368519,0.0,-1.0617142411045393,0.6655385399034301,0.0,0.0,-0.6816806276591585,-0.9659723665617116,1,0.8300000000000001,0.6169873211587804
30,30.07286432160804,LPL,31.208695652173912,31.733766233766232,under,31.5,won,1.83,30.0,0.5609560677137821,0.0,0.0,-0.6320467219229506,0.0,1.2815801036603958,-0.913098065074376,-0.8113044475574895,-1.1261807448375052,-1.057365285027263,1,0.8300000000000001,0.5442629710498896
25,35.46153846153846,HLL,33.76712328767123,35.36538461538461,under,36.5,won,1.83,25.0,0.5609560677137821,0.0,0.0,-0.6320467219229506,0.0,-1.0617142411045393,-0.468056459937813,0.7520050888007717,0.4654990225793156,-0.6816806276591585,1,0.8300000000000001,0.4439251473006499
28,34.5625,RL,31.918367346938776,38.3125,over,33.5,lost,1.83,28.0,2.561535058615348,0.0,-0.6320467219229506,-2.0515084196455184,0.0,-0.8095983863874423,0.5231029362444133,0.9020397066897204,0.0,0.4654990225793156,0,-1.0,0.3928663821800906
51,34.5625,RL,31.918367346938776,38.3125,over,33.5,won,1.83,51.0,0.0,-0.5685724682663711,0.0,-0.7760435577368519,2.556370739366521,-0.6263770292967372,-1.4462880706363492,0.0,0.0,-1.1261807448375052,1,0.8300000000000001,0.49530416728441745
21,30.12878787878788,LVP SL,30.9811320754717,27.176470588235293,under,32.5,won,1.83,21.0,0.0,0.0,0.0,0.0,0.0,0.0,0.0,0.9020397066897204,-0.6816806276591585,-1.078880905409381,1,0.8300000000000001,0.595409447996854
54,33.06190476190476,NLC,30.6,36.78260869565217,under,33.5,lost,1.83,54.0,0.0,0.0,1.256750867247696,0.0,1.0853159537389274,0.0,-2.378273094861868,0.5231029362444133,1.120551452057974,-0.9659723665617116,0,-1.0,0.34567870884049473
32,33.06190476190476,NLC,30.29824561403509,31.42528735632184,under,32.5,won,1.83,32.0,0.0,0.0,-2.4473084787996164,-1.0332368361565436,-0.8095983863874423,-1.234138311281054,0.0,-1.4462880706363492,-0.9659723665617116,-0.6816806276591585,1,0.8300000000000001,0.809923868082134
22,28.83148148148148,LCK,31.322916666666668,29.48958333333333,over,28.5,lost,1.83,22.0,0.0,0.5609560677137821,-0.7760435577368519,-0.6320467219229506,-1.0617142411045393,-0.6263770292967372,0.7520050888007717,0.9020397066897204,0.0,0.4654990225793156,0,-1.0,0.547318572922718
35,28.83148148148148,LCK,31.322916666666668,29.48958333333333,over,28.5,won,1.83,35.0,-1.155716943849221,0.0,-1.0332368361565436,1.0984264443831435,-0.8095983863874423,0.0,-0.913098065074376,0.0,-1.1261807448375052,-0.6816806276591585,1,0.8300000000000001,0.6652550001180689
22,30.07286432160804,LPL,28.48175182481752,31.696969696969692,over,30.5,lost,1.83,22.0,-1.155716943849221,0.5609560677137821,-0.7760435577368519,-0.6320467219229506,-0.8095983863874423,0.0,-0.8113044475574895,0.0,-0.6816806276591585,-0.9659723665617116,0,-1.0,0.7078930176726571
39,30.07286432160804,LPL,28.48175182481752,31.696969696969692,over,30.5,won,1.83,39.0,-0.5685724682663711,0.0,-0.751940118689614,1.0984264443831435,-1.0617142411045393,-0.6263770292967372,0.7520050888007717,0.9020397066897204,0.4654990225793156,-1.1261807448375052,1,0.8300000000000001,0.5485613173862763
41,30.07286432160804,LPL,29.01020408163265,26.4,under,27.5,lost,1.83,41.0,0.0,0.0,0.0,1.0984264443831435,0.6655385399034301,0.0,-0.8113044475574895,0.7520050888007717,-0.6816806276591585,0.0,0,-1.0,0.5424452268457635
22,30.07286432160804,LPL,29.01020408163265,26.4,under,27.5,won,1.83,22.0,0.5609560677137821,0.0,0.0,0.0,-0.8095983863874423,-1.0617142411045393,0.0,-0.913098065074376,-0.9659723665617116,-1.1261807448375052,1,0.8300000000000001,0.7100707202440867
34,33.06190476190476,NLC,34.935483870967744,29.694444444444443,under,33.5,lost,1.83,34.0,0.5609560677137821,-1.155716943849221,0.0,0.0,-0.8095983863874423,0.6655385399034301,-0.913098065074376,0.9020397066897204,-1.1261807448375052,1.120551452057974,0,-1.0,0.4730930699420081
27,36.1413612565445,EBL,35.189655172413794,31.58620689655172,under,34.5,won,1.83,27.0,-0.5685724682663711,0.0,-1.0332368361565436,-0.6320467219229506,-0.6263770292967372,0.0,0.7520050888007717,0.9020397066897204,-0.6816806276591585,1.7827561319782248,1,0.8300000000000001,0.46941820009591223
36,36.1413612565445,EBL,35.189655172413794,31.58620689655172,under,34.5,lost,1.83,36.0,-1.155716943849221,-0.8659941634725179,0.0,0.0,-0.8095983863874423,0.6655385399034301,-1.2403757694101287,-0.8113044475574895,-1.1261807448375052,0.0,0,-1.0,0.5825244299624093
18,30.12878787878788,LVP SL,28.45833333333333,31.548076923076923,under,32.5,won,1.83,18.0,0.0,-0.8659941634725179,0.0,-1.0332368361565436,0.0,0.0,0.7520050888007717,-0.468056459937813,-1.078880905409381,1.120551452057974,1,0.8300000000000001,0.5936403826382035
25,32.79136690647482,LIT,32.285714285714285,32.476190476190474,over,27.5,lost,1.83,25.0,-0.5685724682663711,0.0,0.0,0.0,-1.0617142411045393,0.0,0.0,-0.8113044475574895,0.0,0.4654990225793156,0,-1.0,0.47161965413414697
21,33.06190476190476,NLC,32.016666666666666,29.694444444444443,under,31.5,won,1.83,21.0,0.0,0.0,-0.7760435577368519,0.0,0.6655385399034301,1.0853159537389274,0.0,-0.913098065074376,0.4654990225793156,-1.1261807448375052,1,0.8300000000000001,0.49035381878588225
32,30.12878787878788,LVP SL,30.9811320754717,27.19298245614035,under,32.5,won,1.83,32.0,0.0,0.0,-0.6320467219229506,0.0,1.0853159537389274,1.2815801036603958,-0.913098065074376,0.0,-1.1261807448375052,0.4654990225793156,1,0.8300000000000001,0.5460274130499247
30,30.59057971014493,NACL,31.08888888888889,27.07843137254902,over,27.5,won,1.83,30.0,0.5609560677137821,0.0,-0.7760435577368519,-0.6320467219229506,-0.6263770292967372,0.0,0.5231029362444133,0.0,-1.1261807448375052,0.4654990225793156,1,0.8300000000000001,0.621532618079941
32,30.59057971014493,NACL,31.32758620689655,33.285714285714285,under,29.5,lost,1.83,32.0,0.0,0.0,-1.0332368361565436,-0.6320467219229506,-1.234138311281054,0.0,0.9020397066897204,0.7520050888007717,-1.1261807448375052,-1.057365285027263,0,-1.0,0.621419533600316
29,33.0375,TCL,29.928571428571427,30.63636363636364,under,29.5,won,1.83,29.0,0.0,0.5609560677137821,-0.64039106873566,0.0,-1.1986585288014666,0.0,-0.468056459937813,0.9020397066897204,0.4654990225793156,1.120551452057974,1,0.8300000000000001,0.46114775159552246
34,34.5625,RL,35.397260273972606,38.3125,over,32.5,won,1.83,34.0,0.0,0.0,-0.7760435577368519,0.0,0.0,-0.8095983863874423,0.0,0.5231029362444133,-1.7642883932950577,1.120551452057974,1,0.8300000000000001,0.43425911254401506
38,34.5625,RL,35.397260273972606,38.3125,over,32.5,won,1.83,38.0,0.0,0.0,1.757209358869801,1.0984264443831435,0.0,-0.6263770292967372,0.9020397066897204,-0.8113044475574895,0.0,-1.057365285027263,1,0.8300000000000001,0.23002258004542073
27,29.229559748427672,LFL,25.97647058823529,26.232558139534884,under,27.5,won,1.83,27.0,-1.155716943849221,0.0,-0.6320467219229506,-0.7760435577368519,0.6655385399034301,1.0853159537389274,0.7520050888007717,0.9020397066897204,0.4654990225793156,1.7827561319782248,1,0.8300000000000001,0.5454141709909441
21,29.229559748427672,LFL,25.97647058823529,26.232558139534884,under,27.5,won,1.83,21.0,0.0,0.0,0.0,0.0,0.0,0.0,-1.0421821869666132,0.5231029362444133,0.0,-2.2426813296105834,1,0.8300000000000001,0.7138758869489455
40,32.79136690647482,LIT,34.16326530612245,32.476190476190474,over,28.5,won,1.83,40.0,0.0,-1.155716943849221,-0.7760435577368519,0.0,0.6655385399034301,0.0,-0.468056459937813,-1.4326523672446747,-1.078880905409381,1.7827561319782248,1,0.8300000000000001,0.5113966705568043
30,36.1413612565445,EBL,38.659574468085104,35.39772727272727,under,35.5,won,1.83,30.0,-0.5685724682663711,0.0,-2.4473084787996164,-0.6320467219229506,-0.8095983863874423,1.0853159537389274,-0.913098065074376,0.0,1.7827561319782248,-1.1261807448375052,1,0.8300000000000001,0.44891222178921036
50,36.1413612565445,EBL,38.659574468085104,35.39772727272727,under,35.5,lost,1.83,50.0,0.0,0.0,0.0,-0.7760435577368519,1.2815801036603958,0.0,0.0,-0.468056459937813,0.0,-1.057365285027263,0,-1.0,0.3726834095880141
25,32.79136690647482,LIT,32.285714285714285,32.0,over,27.5,lost,1.83,25.0,0.0,0.0,0.0,-1.9946898409830425,0.0,0.6655385399034301,0.0,0.0,1.7827561319782248,1.120551452057974,0,-1.0,0.3811244946026471
29,30.59057971014493,NACL,31.32758620689655,28.80851063829787,under,30.5,won,1.83,29.0,-0.5685724682663711,0.0,0.0,0.0,0.6655385399034301,-0.8095983863874423,0.9020397066897204,0.0,-1.1261807448375052,-1.057365285027263,1,0.8300000000000001,0.6280958128451481
26,30.59057971014493,NACL,32.1,30.5,under,31.5,won,1.83,26.0,0.5609560677137821,0.0,-0.6320467219229506,-0.7760435577368519,0.0,0.6655385399034301,0.0,0.9020397066897204,0.0,-1.057365285027263,1,0.8300000000000001,0.5188089836532083
18,30.07286432160804,LPL,31.225225225225227,26.88571428571429,under,28.5,won,1.83,18.0,0.0,0.5609560677137821,0.0,-0.7760435577368519,0.6655385399034301,0.0,0.0,-0.468056459937813,0.4654990225793156,-0.9659723665617116,1,0.8300000000000001,0.5562598140315118
11,30.07286432160804,LPL,31.225225225225227,26.88571428571429,under,28.5,won,1.83,11.0,0.0,-1.5721442954792302,1.0984264443831435,0.0,0.0,-0.6263770292967372,0.7520050888007717,0.9020397066897204,-0.6816806276591585,-1.1261807448375052,1,0.8300000000000001,0.6133230830527563
43,35.46153846153846,HLL,34.88709677419355,35.36538461538461,under,36.5,lost,1.83,43.0,0.0,0.0,0.0,1.0984264443831435,0.6655385399034301,0.0,0.5231029362444133,0.0,0.0,0.4654990225793156,0,-1.0,0.2661905072174523
40,35.46153846153846,HLL,34.88709677419355,35.36538461538461,under,36.5,lost,1.83,40.0,0.0,0.5609560677137821,-0.64039106873566,-1.0332368361565436,0.0,-1.1986585288014666,0.9020397066897204,-0.468056459937813,1.120551452057974,1.7827561319782248,0,-1.0,0.3427022962592334
19,27.25563909774436,LCP,25.638297872340427,30.33333333333333,under,26.5,won,1.83,19.0,-1.155716943849221,0.0,-0.7760435577368519,-0.6320467219229506,0.0,0.0,0.7520050888007717,0.0,0.4654990225793156,-0.9659723665617116,1,0.8300000000000001,0.6779100928603524
24,27.25563909774436,LCP,25.638297872340427,30.33333333333333,under,26.5,won,1.83,24.0,0.0,0.0,-2.0515084196455184,-1.0332368361565436,-0.8095983863874423,-1.1986585288014666,-0.913098065074376,-0.8113044475574895,-1.1261807448375052,1.7827561319782248,1,0.8300000000000001,0.7979436092628145
32,33.15511551155115,PRM,32.34375,37.073170731707314,over,30.5,won,1.83,32.0,0.5609560677137821,0.0,-0.7760435577368519,-0.64039106873566,-0.8095983863874423,-1.1986585288014666,-0.913098065074376,0.0,-1.1261807448375052,1.120551452057974,1,0.8300000000000001,0.542370318876698
48,33.15511551155115,PRM,32.34375,37.073170731707314,over,30.5,won,1.83,48.0,0.0,0.0,0.0,0.0,0.0,0.0,-0.8113044475574895,0.0,-0.6816806276591585,1.7827561319782248,1,0.8300000000000001,0.35684825783729485
24,27.82010582010582,LTA N,27.83333333333333,30.83870967741936,over,28.5,lost,1.83,24.0,0.5609560677137821,0.0,0.0,-0.6320467219229506,0.6655385399034301,0.0,0.0,0.0,0.4654990225793156,-0.9659723665617116,0,-1.0,0.5339058276530324
37,27.82010582010582,LTA N,27.83333333333333,30.83870967741936,over,28.5,won,1.83,37.0,-1.155716943849221,-0.5685724682663711,1.0984264443831435,-0.7760435577368519,-0.6263770292967372,-1.0617142411045393,0.0,-0.468056459937813,1.7827561319782248,-0.6816806276591585,1,0.8300000000000001,0.5817516232325933
23,38.55115511551155,PCS,32.96,36.86153846153846,under,36.5,won,1.83,23.0,0.0,0.0,1.0984264443831435,-0.6320467219229506,-1.0617142411045393,-0.8095983863874423,0.7520050888007717,-0.8113044475574895,0.0,-0.9659723665617116,1,0.8300000000000001,0.4219735526158709
33,38.55115511551155,PCS,32.96,36.86153846153846,under,36.5,won,1.83,33.0,0.0,0.0,-0.7760435577368519,0.0,0.0,0.0,-0.468056459937813,0.0,-0.6816806276591585,-1.842584791571916,1,0.8300000000000001,0.5328460501018669
25,30.07286432160804,LPL,31.733766233766232,28.48175182481752,over,28.5,lost,1.83,25.0,0.0,0.5609560677137821,-0.6320467219229506,-1.0332368361565436,-0.8095983863874423,-1.1986585288014666,-0.8113044475574895,-1.2403757694101287,-0.6816806276591585,-1.1261807448375052,0,-1.0,0.7469918894199518
27,30.07286432160804,LPL,31.733766233766232,28.48175182481752,over,28.5,lost,1.83,27.0,-1.155716943849221,-0.8659941634725179,1.0984264443831435,0.0,0.6655385399034301,-0.6263770292967372,0.0,0.0,1.7827561319782248,0.4654990225793156,0,-1.0,0.4306554685438693
31,31.37037037037037,CD,32.355932203389834,27.711111111111112,under,31.5,won,1.83,31.0,0.5609560677137821,-1.155716943849221,-0.7760435577368519,0.0,0.0,0.0,-0.913098065074376,0.0,-1.1261807448375052,0.4654990225793156,1,0.8300000000000001,0.6398902635877254
29,31.37037037037037,CD,28.23684210526316,30.115384615384617,under,30.5,won,1.9,29.0,0.5609560677137821,0.0,-0.6320467219229506,0.0,0.6655385399034301,0.0,-0.8113044475574895,-1.4326523672446747,-1.1261807448375052,1.7827561319782248,1,0.8999999999999999,0.5555043358373252
29,31.37037037037037,CD,28.08695652173913,30.81132075471698,under,30.5,won,1.8,29.0,0.0,0.0,1.0984264443831435,0.0,-0.8095983863874423,0.0,-0.8113044475574895,0.9020397066897204,-1.078880905409381,-0.6816806276591585,1,0.8,0.5616910973552182
32,31.37037037037037,CD,29.982142857142858,33.1764705882353,over,31.5,won,1.83,32.0,0.0,0.5609560677137821,1.256750867247696,0.0,-0.6263770292967372,0.0,0.9020397066897204,0.7520050888007717,0.4654990225793156,-0.6816806276591585,1,0.8300000000000001,0.33948023182816794
31,31.37037037037037,CD,33.170212765957444,29.923076923076923,under,31.5,won,1.83,31.0,0.0,0.0,-2.0515084196455184,-0.6320467219229506,0.0,0.0,-0.8113044475574895,0.0,-0.6816806276591585,0.0,1,0.8300000000000001,0.6705224085476307
23,28.83148148148148,LCK,29.48958333333333,29.98095238095238,over,28.5,lost,1.83,23.0,0.0,-0.5685724682663711,0.0,0.0,0.0,0.6655385399034301,0.5231029362444133,0.0,0.4654990225793156,-0.9659723665617116,0,-1.0,0.5012847469840014
31,28.83148148148148,LCK,29.48958333333333,29.98095238095238,over,28.5,won,1.83,31.0,0.0,0.5609560677137821,0.0,-0.6320467219229506,-1.9393307422504515,0.0,0.0,0.9020397066897204,-0.6816806276591585,-1.078880905409381,1,0.8300000000000001,0.6219908484349207
43,30.07286432160804,LPL,31.208695652173912,31.696969696969692,over,28.5,won,1.83,43.0,0.0,0.0,-0.7760435577368519,0.0,0.6655385399034301,0.0,0.5231029362444133,0.0,0.4654990225793156,-0.6816806276591585,1,0.8300000000000001,0.48317208451150584
36,30.07286432160804,LPL,31.208695652173912,31.696969696969692,over,28.5,won,1.83,36.0,0.0,0.5609560677137821,-1.9946898409830425,0.0,-0.6263770292967372,0.0,-0.468056459937813,0.0,-1.057365285027263,0.0,1,0.8300000000000001,0.633758448164058
50,34.5625,RL,34.69892473118279,38.3125,over,29.5,won,1.83,50.0,0.0,0.0,-0.6320467219229506,-1.9946898409830425,0.0,-0.8095983863874423,0.0,0.7520050888007717,1.7827561319782248,-1.842584791571916,1,0.8300000000000001,0.47923556037077414
42,34.5625,RL,34.69892473118279,38.3125,over,29.5,won,1.83,42.0,0.0,0.0,-0.7760435577368519,0.0,0.0,0.0,-0.468056459937813,0.5231029362444133,-0.6816806276591585,-1.1261807448375052,1,0.8300000000000001,0.4507735360172067
32,30.12878787878788,LVP SL,30.9811320754717,30.25925925925926,over,30.5,won,1.83,36.0,0.0,0.0,1.0984264443831435,0.0,-0.8095983863874423,0.0,0.0,0.0,0.4654990225793156,0.0,1,0.8300000000000001,0.4100145858406358
29,31.37037037037037,CD,27.711111111111112,33.170212765957444,under,31.5,won,1.83,29.0,0.0,-1.5721442954792302,0.0,-0.64039106873566,0.6655385399034301,-0.8095983863874423,0.0,0.9020397066897204,1.7827561319782248,0.0,1,0.8300000000000001,0.5198582020669924
20,31.37037037037037,CD,30.115384615384617,29.982142857142858,under,31.5,won,1.83,20.0,0.0,0.0,1.0984264443831435,1.256750867247696,-0.8095983863874423,-1.0617142411045393,0.9020397066897204,0.7520050888007717,-1.1261807448375052,-0.6816806276591585,1,0.8300000000000001,0.4848147363673065
33,28.83148148148148,LCK,30.83739837398374,30.64761904761905,under,29.5,lost,1.83,33.0,0.0,0.0,1.0984264443831435,-0.7760435577368519,0.0,0.6655385399034301,0.0,0.0,-0.9659723665617116,1.120551452057974,0,-1.0,0.42846730486642665
51,28.83148148148148,LCK,30.83739837398374,30.64761904761905,under,29.5,lost,1.83,51.0,0.0,0.5609560677137821,0.0,0.0,-0.8095983863874423,0.0,0.5231029362444133,-0.8113044475574895,0.4654990225793156,-1.842584791571916,0,-1.0,0.5181377245198195
25,28.83148148148148,LCK,29.50515463917526,28.091603053435115,over,26.5,lost,1.83,25.0,0.0,0.0,-0.7760435577368519,0.0,0.6655385399034301,-1.9393307422504515,0.0,-0.468056459937813,0.4654990225793156,-0.9659723665617116,0,-1.0,0.6842619652418647
19,28.83148148148148,LCK,29.50515463917526,28.091603053435115,over,26.5,lost,1.83,19.0,0.0,0.5609560677137821,0.0,-0.64039106873566,-0.8095983863874423,-1.1986585288014666,-0.8113044475574895,0.5231029362444133,-1.057365285027263,0.0,0,-1.0,0.6870381023571839
36,30.12878787878788,LVP SL,27.176470588235293,28.45833333333333,under,26.5,lost,1.83,36.0,0.0,0.0,0.0,0.0,0.0,1.8913858048840095,0.7520050888007717,-1.4462880706363492,-1.078880905409381,0.4654990225793156,0,-1.0,0.502257556108121
29,33.06190476190476,NLC,32.016666666666666,36.78260869565217,over,33.5,lost,1.83,29.0,0.5609560677137821,0.0,-0.7760435577368519,1.0984264443831435,0.0,0.0,-1.2403757694101287,0.0,-0.6816806276591585,-1.7642883932950577,0,-1.0,0.4802615998803289
27,33.06190476190476,NLC,32.016666666666666,36.78260869565217,over,33.5,lost,1.83,27.0,0.0,-1.5721442954792302,-0.6320467219229506,0.0,-1.0617142411045393,0.6655385399034301,0.0,0.9020397066897204,-1.1261807448375052,0.0,0,-1.0,0.5184638132122957
36,30.12878787878788,LVP SL,31.548076923076923,30.9811320754717,over,30.5,won,1.83,45.0,0.0,0.0,0.0,1.0984264443831435,0.0,0.0,0.0,-0.913098065074376,-1.078880905409381,1.7827561319782248,1,0.8300000000000001,0.4018298410072342
36,30.12878787878788,LVP SL,30.9811320754717,30.25925925925926,over,30.5,won,1.83,36.0,0.0,0.0,0.0,1.0984264443831435,0.0,0.0,0.0,-0.913098065074376,-1.078880905409381,1.7827561319782248,1,0.8300000000000001,0.419725945432825
35,31.37037037037037,CD,33.170212765957444,33.1764705882353,over,31.5,won,1.83,35.0,0.5609560677137821,0.0,-0.64039106873566,-0.751940118689614,-1.1986585288014666,0.6655385399034301,0.0,0.5231029362444133,0.4654990225793156,1.7827561319782248,1,0.8300000000000001,0.35587675079195547
35,31.37037037037037,CD,28.08695652173913,27.711111111111112,under,30.5,lost,1.9,35.0,0.0,0.0,1.256750867247696,0.0,-0.8095983863874423,1.2815801036603958,0.9020397066897204,0.0,0.4654990225793156,1.7827561319782248,0,-1.0,0.32012646312760007
25,31.37037037037037,CD,29.923076923076923,30.115384615384617,under,31.5,won,1.83,25.0,0.5609560677137821,1.2452748960137257,-0.64039106873566,-0.751940118689614,-1.1986585288014666,0.0,-0.468056459937813,0.0,-1.078880905409381,0.0,1,0.8300000000000001,0.5932764453032269
36,28.83148148148148,LCK,30.60952380952381,26.92079207920792,over,25.5,won,1.83,36.0,0.5609560677137821,0.0,-0.7760435577368519,0.0,-0.8095983863874423,0.0,-0.8113044475574895,0.0,-0.9659723665617116,0.4654990225793156,1,0.8300000000000001,0.6283761299490886
43,28.83148148148148,LCK,30.60952380952381,26.92079207920792,over,25.5,won,1.83,43.0,0.0,-0.5685724682663711,0.0,0.0,1.2815801036603958,0.0,0.5231029362444133,0.0,0.0,-0.6816806276591585,1,0.8300000000000001,0.5519644391360986
23,28.83148148148148,LCK,29.48958333333333,32.130434782608695,over,29.5,lost,1.83,23.0,0.5609560677137821,0.0,-0.7760435577368519,0.0,0.6655385399034301,0.0,-0.8113044475574895,0.0,0.4654990225793156,0.0,0,-1.0,0.48728755377528454
28,28.83148148148148,LCK,29.48958333333333,32.130434782608695,over,29.5,lost,1.83,28.0,-1.155716943849221,0.0,0.0,1.0984264443831435,-0.6263770292967372,0.0,0.0,-0.913098065074376,-0.9659723665617116,-1.1261807448375052,0,-1.0,0.5883424800073905
30,28.83148148148148,LCK,29.76068376068376,30.272058823529413,over,28.5,won,1.83,30.0,0.0,0.0,0.0,-0.7760435577368519,0.0,0.0,0.5231029362444133,0.0,0.4654990225793156,-0.9659723665617116,1,0.8300000000000001,0.545147570672061
39,28.83148148148148,LCK,29.76068376068376,30.272058823529413,over,28.5,won,1.83,39.0,0.0,0.5609560677137821,-0.6320467219229506,-0.64039106873566,-0.8095983863874423,-1.1986585288014666,-0.8113044475574895,0.0,1.120551452057974,-1.078880905409381,1,0.8300000000000001,0.6337016856918855
43,30.07286432160804,LPL,28.474074074074075,31.526946107784436,over,27.5,won,1.83,43.0,0.0,0.0,0.0,-0.7760435577368519,0.0,0.6655385399034301,0.5231029362444133,-0.913098065074376,0.4654990225793156,-1.1261807448375052,1,0.8300000000000001,0.5300317627972181
28,30.07286432160804,LPL,28.474074074074075,31.526946107784436,over,27.5,won,1.83,28.0,0.5609560677137821,0.0,0.0,1.0984264443831435,-0.8095983863874423,0.0,0.9020397066897204,0.7520050888007717,1.120551452057974,1.7827561319782248,1,0.8300000000000001,0.2791213741022994
20,33.06190476190476,NLC,29.694444444444443,30.6,under,32.5,won,1.83,20.0,-1.155716943849221,-1.5721442954792302,-0.7760435577368519,-0.6320467219229506,0.6655385399034301,-0.8095983863874423,-0.468056459937813,0.9020397066897204,1.120551452057974,-0.6816806276591585,1,0.8300000000000001,0.6921162220571017
36,33.06190476190476,NLC,29.694444444444443,30.6,under,32.5,lost,1.83,36.0,0.5609560677137821,0.0,0.0,1.0984264443831435,0.0,0.0,-0.8113044475574895,0.7520050888007717,1.7827561319782248,0.4654990225793156,0,-1.0,0.32036949215747623
24,29.229559748427672,LFL,29.155555555555555,26.232558139534884,over,26.5,lost,1.83,24.0,0.0,-1.5721442954792302,-0.6320467219229506,-1.0332368361565436,-0.8095983863874423,0.0,0.5231029362444133,0.9020397066897204,4.1582595287502215,0.0,0,-1.0,0.5069962527378628
25,29.229559748427672,LFL,29.155555555555555,26.232558139534884,over,26.5,lost,1.83,25.0,0.0,0.0,-0.7760435577368519,0.0,0.0,1.2815801036603958,0.0,-0.468056459937813,1.7827561319782248,0.4654990225793156,0,-1.0,0.44345203930826016
32,33.23076923076923,ROL,33.214285714285715,35.46,under,35.5,won,1.83,32.0,0.0,0.0,-1.0332368361565436,-0.7760435577368519,0.0,0.0,0.5231029362444133,0.7520050888007717,0.0,-1.078880905409381,1,0.8300000000000001,0.5026219464375675
50,33.23076923076923,ROL,33.214285714285715,35.46,under,35.5,lost,1.83,50.0,-0.5685724682663711,0.0,0.8434335133614894,-0.6320467219229506,-0.8095983863874423,0.6655385399034301,0.9020397066897204,-0.8113044475574895,0.4654990225793156,1.120551452057974,0,-1.0,0.2954576409845505
31,33.23076923076923,ROL,31.301369863013697,32.895833333333336,under,31.5,won,1.83,31.0,1.2452748960137257,0.0,-0.7760435577368519,0.0,0.0,-0.6263770292967372,0.0,0.5231029362444133,1.120551452057974,1.7827561319782248,1,0.8300000000000001,0.3342266231565887
18,33.23076923076923,ROL,31.301369863013697,32.895833333333336,under,31.5,won,1.83,18.0,0.5609560677137821,0.0,-1.0332368361565436,0.8434335133614894,0.0,-1.1986585288014666,-0.8113044475574895,-1.4462880706363492,0.0,-0.6816806276591585,1,0.8300000000000001,0.5658715785823384
19,33.06190476190476,NLC,30.29824561403509,34.935483870967744,under,32.5,won,1.83,19.0,0.0,0.0,0.0,-0.7760435577368519,0.6655385399034301,0.0,0.0,-0.8113044475574895,0.4654990225793156,0.0,1,0.8300000000000001,0.4442957885800896
27,33.06190476190476,NLC,30.29824561403509,34.935483870967744,under,32.5,won,1.83,27.0,0.0,0.0,0.0,-0.64039106873566,1.2815801036603958,0.0,0.5231029362444133,0.9020397066897204,-0.6816806276591585,-1.1261807448375052,1,0.8300000000000001,0.49201590685193236
49,30.59057971014493,NACL,31.5,28.80851063829787,under,28.5,lost,1.83,49.0,0.0,0.0,1.0984264443831435,0.0,0.6655385399034301,-0.8095983863874423,-0.913098065074376,0.0,1.120551452057974,0.4654990225793156,0,-1.0,0.410028130768438
48,30.59057971014493,NACL,33.285714285714285,30.5,under,28.5,lost,1.83,48.0,-1.155716943849221,0.5609560677137821,0.0,-0.6320467219229506,0.0,0.6655385399034301,0.0,0.0,0.4654990225793156,0.0,0,-1.0,0.4500453519922673
36,36.13903743315508,LJL,38.490566037735846,39.10714285714285,over,35.5,won,1.83,36.0,-1.155716943849221,0.5609560677137821,1.757209358869801,-0.64039106873566,0.0,0.0,-0.913098065074376,0.0,-0.6816806276591585,0.4654990225793156,1,0.8300000000000001,0.2667697908381272
45,36.13903743315508,LJL,38.490566037735846,39.10714285714285,over,35.5,won,1.83,45.0,0.0,0.0,0.0,0.0,0.0,2.339012536092831,0.0,0.0,-1.1261807448375052,-1.7642883932950577,1,0.8300000000000001,0.276896762564633
29,28.83148148148148,LCK,28.091603053435115,26.579545454545453,over,25.5,won,1.83,29.0,0.0,0.0,0.0,-1.9946898409830425,0.6655385399034301,-0.8095983863874423,0.7520050888007717,-0.8113044475574895,-1.057365285027263,0.4654990225793156,1,0.8300000000000001,0.7276925652710422
33,28.83148148148148,LCK,28.091603053435115,26.579545454545453,over,25.5,won,1.83,33.0,0.5609560677137821,0.0,-0.6320467219229506,1.757209358869801,-0.6263770292967372,0.0,0.0,0.0,-0.9659723665617116,0.0,1,0.8300000000000001,0.556444002034231
25,30.07286432160804,LPL,31.696969696969692,28.474074074074075,over,28.5,lost,1.83,25.0,0.0,0.0,1.256750867247696,0.0,0.0,0.6655385399034301,0.0,-0.8113044475574895,0.4654990225793156,-0.6816806276591585,0,-1.0,0.40522298350713315
41,30.07286432160804,LPL,31.696969696969692,28.474074074074075,over,28.5,won,1.83,41.0,0.0,0.0,0.0,-1.0332368361565436,-0.6263770292967372,-1.1986585288014666,-1.0421821869666132,-0.913098065074376,-1.842584791571916,-1.1261807448375052,1,0.8300000000000001,0.7811383129624724
29,33.0375,TCL,32.64556962025316,29.928571428571427,under,32.5,won,1.83,29.0,0.0,0.0,0.0,-0.6320467219229506,0.0,-1.0617142411045393,0.0,0.7520050888007717,-0.9659723665617116,-1.078880905409381,1,0.8300000000000001,0.6371169516676627
40,33.0375,TCL,34.9264705882353,30.63636363636364,under,31.5,lost,1.83,40.0,0.5609560677137821,0.0,-1.0332368361565436,0.0,-1.1986585288014666,0.6655385399034301,-0.468056459937813,0.9020397066897204,1.7827561319782248,0.4654990225793156,0,-1.0,0.34373170560615945
30,29.229559748427672,LFL,25.97647058823529,29.26086956521739,under,28.5,lost,1.83,30.0,0.0,0.0,-0.6320467219229506,-0.7760435577368519,-0.8095983863874423,0.0,0.0,0.0,1.7827561319782248,0.4654990225793156,0,-1.0,0.5547736563983957
35,29.229559748427672,LFL,25.97647058823529,29.26086956521739,under,28.5,lost,1.83,35.0,-1.155716943849221,0.0,0.0,0.0,0.0,0.0,-0.468056459937813,0.0,-1.057365285027263,-0.6816806276591585,0,-1.0,0.7048449455035345
45,30.59057971014493,NACL,28.80851063829787,30.5,under,29.5,lost,1.83,45.0,0.0,0.5609560677137821,0.0,1.0984264443831435,0.0,0.0,0.7520050888007717,0.9020397066897204,-1.1261807448375052,-0.6816806276591585,0,-1.0,0.4773125332289132
21,28.83148148148148,LCK,29.335714285714285,30.272058823529413,under,30.5,won,1.83,21.0,0.0,0.0,1.0984264443831435,-0.7760435577368519,0.0,0.0,0.9020397066897204,0.0,-1.078880905409381,-1.1261807448375052,1,0.8300000000000001,0.560897224096295
40,28.83148148148148,LCK,29.335714285714285,30.272058823529413,under,30.5,lost,1.83,40.0,0.0,-1.155716943849221,-1.0332368361565436,-0.6320467219229506,-0.8095983863874423,0.6655385399034301,0.0,-0.8113044475574895,-0.6816806276591585,0.0,0,-1.0,0.6787573477935844
26,30.07286432160804,LPL,29.01020408163265,30.82258064516129,under,28.5,won,1.83,26.0,0.0,0.5609560677137821,-0.6320467219229506,-1.0332368361565436,0.0,-1.1986585288014666,0.0,0.9020397066897204,-0.6816806276591585,-1.1261807448375052,1,0.8300000000000001,0.6956306967397681
35,30.07286432160804,LPL,29.01020408163265,30.82258064516129,under,28.5,lost,1.83,35.0,0.0,0.0,0.0,-0.7760435577368519,0.0,0.0,0.0,-2.378273094861868,1.7827561319782248,-0.9659723665617116,0,-1.0,0.5268992988988372
44,28.83148148148148,LCK,30.60952380952381,29.50515463917526,over,26.5,won,1.83,44.0,0.0,0.5609560677137821,0.0,-0.6320467219229506,0.0,0.0,0.7520050888007717,0.9020397066897204,0.4654990225793156,-0.6816806276591585,1,0.8300000000000001,0.4797828313164328
49,28.83148148148148,LCK,30.60952380952381,29.50515463917526,over,26.5,won,1.83,49.0,-0.5685724682663711,-1.155716943849221,0.0,0.0,-0.6263770292967372,0.0,0.0,0.5231029362444133,1.7827561319782248,0.0,1,0.8300000000000001,0.4899375600510171
30,30.07286432160804,LPL,26.4,26.88571428571429,under,25.5,lost,1.83,30.0,0.5609560677137821,0.0,0.8434335133614894,-0.7760435577368519,0.6655385399034301,-1.0617142411045393,0.0,0.0,1.7827561319782248,-0.9659723665617116,0,-1.0,0.5540833142995354
27,30.07286432160804,LPL,26.4,26.88571428571429,under,25.5,lost,1.83,27.0,0.0,-0.5685724682663711,-0.6320467219229506,0.0,-0.6263770292967372,0.0,0.0,-0.913098065074376,-1.7642883932950577,-1.1261807448375052,0,-1.0,0.7866809327086413
25,27.14814814814815,LEC,25.46296296296296,28.75675675675676,under,28.5,won,1.83,25.0,-1.155716943849221,0.5609560677137821,0.0,-0.7760435577368519,0.6655385399034301,0.0,0.0,0.0,0.4654990225793156,-0.6816806276591585,1,0.8300000000000001,0.6399353133400718
29,27.14814814814815,LEC,25.46296296296296,28.75675675675676,under,28.5,lost,1.83,29.0,0.0,0.0,-0.64039106873566,1.256750867247696,0.0,-1.0617142411045393,0.0,0.0,0.0,-0.9659723665617116,0,-1.0,0.6434449144935098
21,28.83148148148148,LCK,26.579545454545453,26.92079207920792,over,24.5,lost,1.83,21.0,0.5609560677137821,0.0,-0.6320467219229506,-0.7760435577368519,0.0,0.0,0.5231029362444133,0.7520050888007717,0.4654990225793156,0.0,0,-1.0,0.6012359326476275
45,28.83148148148148,LCK,26.579545454545453,26.92079207920792,over,24.5,won,1.83,45.0,0.0,0.0,0.0,-1.0332368361565436,-0.8095983863874423,-1.1986585288014666,0.0,0.0,1.7827561319782248,0.0,1,0.8300000000000001,0.6342204566096101
22,30.07286432160804,LPL,26.4,27.926470588235293,over,25.5,lost,1.8,22.0,0.0,0.0,-0.6320467219229506,-0.7760435577368519,0.6655385399034301,-1.0617142411045393,0.0,0.5231029362444133,-0.9659723665617116,-0.6816806276591585,0,-1.0,0.7530938911883496
26,30.07286432160804,LPL,26.4,27.926470588235293,over,25.5,won,1.8,26.0,-0.5685724682663711,-1.155716943849221,1.256750867247696,0.0,0.0,-0.6263770292967372,0.9020397066897204,0.7520050888007717,0.4654990225793156,0.0,1,0.8,0.5561525007026838
18,27.25563909774436,LCP,26.91489361702128,27.753846153846155,under,25.5,won,1.83,18.0,0.0,0.5609560677137821,0.0,-0.6320467219229506,0.0,-0.8095983863874423,0.0,-0.8113044475574895,0.0,-0.6816806276591585,1,0.8300000000000001,0.663223390946036
31,27.809278350515463,LTA S,26.55,28.980392156862745,over,25.5,won,1.83,31.0,0.0,0.0,-0.6320467219229506,-0.7760435577368519,0.0,0.0,0.0,0.5231029362444133,1.7827561319782248,0.4654990225793156,1,0.8300000000000001,0.5279676286568191
36,27.809278350515463,LTA S,26.55,28.980392156862745,over,25.5,won,1.83,36.0,0.0,0.5609560677137821,0.0,0.0,1.2815801036603958,0.0,-0.8113044475574895,0.9020397066897204,0.0,-0.6816806276591585,1,0.8300000000000001,0.554061447012952
20,27.14814814814815,LEC,29.3,26.27027027027027,under,29.5,won,1.83,20.0,0.0,0.5609560677137821,-0.7760435577368519,-0.6320467219229506,0.0,-0.8095983863874423,-1.4326523672446747,0.5231029362444133,0.4654990225793156,1.7827561319782248,1,0.8300000000000001,0.6002708033211414
44,27.14814814814815,LEC,29.3,26.27027027027027,under,29.5,lost,1.83,44.0,0.0,0.0,1.256750867247696,-0.64039106873566,0.0,-0.6263770292967372,0.0,0.0,1.120551452057974,-0.9659723665617116,0,-1.0,0.5388932022825428
35,27.14814814814815,LEC,27.19298245614035,27.384615384615383,under,28.5,lost,1.83,35.0,0.0,0.0,-0.6320467219229506,1.0984264443831435,0.0,0.0,0.0,-0.468056459937813,-0.6816806276591585,0.0,0,-1.0,0.5975693530167486
24,27.14814814814815,LEC,27.19298245614035,27.384615384615383,under,28.5,won,1.83,24.0,0.0,-1.155716943849221,0.0,1.256750867247696,-1.0617142411045393,0.0,-1.4326523672446747,0.0,0.4654990225793156,0.0,1,0.8300000000000001,0.5984616694820085
22,27.809278350515463,LTA S,27.05263157894737,29.316666666666663,over,27.5,lost,1.8,22.0,-0.5685724682663711,-1.5721442954792302,0.0,-0.7760435577368519,0.0,0.6655385399034301,-0.913098065074376,-0.468056459937813,-1.1261807448375052,-1.078880905409381,0,-1.0,0.7657155440532626
13,27.809278350515463,LTA S,27.05263157894737,29.316666666666663,over,27.5,lost,1.8,13.0,0.0,0.0,2.691838088918381,0.0,0.0,-1.0617142411045393,0.0,0.0,0.4654990225793156,-0.6816806276591585,0,-1.0,0.4491261041852462
26,28.83148148148148,LCK,34.19230769230769,30.83739837398374,under,31.5,won,1.83,26.0,0.0,0.0,0.0,0.0,-1.0617142411045393,0.0,0.9020397066897204,0.7520050888007717,0.0,1.7827561319782248,1,0.8300000000000001,0.3466650833393879
19,28.83148148148148,LCK,34.19230769230769,30.83739837398374,under,31.5,won,1.83,19.0,0.5609560677137821,0.0,1.0984264443831435,0.0,0.0,0.6655385399034301,-1.4326523672446747,0.0,0.0,-0.9659723665617116,1,0.8300000000000001,0.38764711066658386
18,27.14814814814815,LEC,26.27027027027027,28.75675675675676,under,29.5,won,1.83,18.0,0.0,0.5609560677137821,1.256750867247696,-0.7760435577368519,0.0,0.0,0.0,0.0,1.7827561319782248,-0.9659723665617116,1,0.8300000000000001,0.4607571256146419
20,27.14814814814815,LEC,26.27027027027027,28.75675675675676,under,29.5,won,1.83,20.0,-1.155716943849221,0.0,0.0,-1.0332368361565436,0.6655385399034301,-1.1986585288014666,0.0,-0.468056459937813,-1.1261807448375052,-1.078880905409381,1,0.8300000000000001,0.7963461108041991
26,27.14814814814815,LEC,27.19298245614035,29.153846153846157,under,30.5,won,1.83,26.0,0.0,-1.155716943849221,-0.64039106873566,-1.0332368361565436,-0.8095983863874423,0.0,0.5231029362444133,0.0,0.4654990225793156,-0.9659723665617116,1,0.8300000000000001,0.7066865892036596
17,27.14814814814815,LEC,27.19298245614035,29.153846153846157,under,30.5,won,1.83,17.0,0.0,0.5609560677137821,-0.6320467219229506,-0.7760435577368519,-0.6263770292967372,0.0,0.9020397066897204,-0.8113044475574895,-1.078880905409381,-1.1261807448375052,1,0.8300000000000001,0.698958604765921
22,28.83148148148148,LCK,32.130434782608695,30.847619047619048,over,30.5,lost,1.83,22.0,0.5609560677137821,0.0,1.0984264443831435,-0.7760435577368519,-0.8095983863874423,-1.0617142411045393,0.9020397066897204,0.0,0.0,-0.6816806276591585,0,-1.0,0.4845383742758426
27,28.83148148148148,LCK,32.130434782608695,30.847619047619048,over,30.5,lost,1.83,27.0,0.0,-0.5685724682663711,0.0,0.0,0.6655385399034301,0.0,-0.913098065074376,-0.8113044475574895,-1.1261807448375052,-1.078880905409381,0,-1.0,0.6118657944457856
34,30.07286432160804,LPL,31.733766233766232,30.44378698224852,under,30.5,lost,1.83,34.0,0.0,0.5609560677137821,0.0,1.256750867247696,-0.8095983863874423,-1.0617142411045393,-0.913098065074376,0.0,-1.1261807448375052,0.4654990225793156,0,-1.0,0.5120456872925978
32,30.07286432160804,LPL,31.733766233766232,30.44378698224852,under,30.5,lost,1.83,32.0,0.0,0.0,-0.7760435577368519,0.0,0.0,-0.6263770292967372,0.0,-0.8113044475574895,1.7827561319782248,-0.6816806276591585,0,-1.0,0.4964730746497101
30,30.12878787878788,LVP SL,28.45833333333333,29.692307692307693,under,27.5,lost,1.83,30.0,0.0,0.5609560677137821,0.0,-0.7760435577368519,-0.8095983863874423,1.0853159537389274,0.9020397066897204,-0.468056459937813,1.7827561319782248,1.120551452057974,0,-1.0,0.35133418660216004
28,31.37037037037037,CD,33.1764705882353,30.81132075471698,over,31.5,lost,1.83,28.0,0.0,0.0,1.0984264443831435,-0.64039106873566,-0.8095983863874423,-1.1986585288014666,-0.8113044475574895,-1.4462880706363492,0.0,1.120551452057974,0,-1.0,0.4899910253153343
28,31.37037037037037,CD,28.23684210526316,28.08695652173913,under,31.5,won,1.83,28.0,0.0,0.5609560677137821,-0.751940118689614,-0.6320467219229506,0.6655385399034301,0.0,0.0,0.0,1.7827561319782248,4.1582595287502215,1,0.8300000000000001,0.3393783804677922
32,28.83148148148148,LCK,30.272058823529413,29.76068376068376,over,29.5,won,1.83,32.0,0.5609560677137821,0.0,-0.7760435577368519,0.0,0.0,-1.0617142411045393,-0.913098065074376,0.0,-1.1261807448375052,-2.2426813296105834,1,0.8300000000000001,0.7363693495936077
35,28.83148148148148,LCK,30.272058823529413,29.76068376068376,over,29.5,won,1.83,35.0,0.0,-1.155716943849221,0.0,1.0984264443831435,0.0,0.6655385399034301,-0.8113044475574895,0.0,0.0,0.0,1,0.8300000000000001,0.48199133409529676
24,30.07286432160804,LPL,31.526946107784436,28.48175182481752,under,30.5,won,1.83,24.0,0.0,0.5609560677137821,-0.6320467219229506,-0.7760435577368519,0.0,0.6655385399034301,0.5231029362444133,0.0,0.4654990225793156,-1.842584791571916,1,0.8300000000000001,0.5599277285566905
24,30.07286432160804,LPL,31.526946107784436,28.48175182481752,under,30.5,won,1.83,24.0,-0.5685724682663711,-1.155716943849221,-0.64039106873566,0.0,-0.8095983863874423,0.0,0.0,-0.913098065074376,0.0,-1.1261807448375052,1,0.8300000000000001,0.6846161587454672
29,34.5625,RL,34.69892473118279,33.11940298507463,under,34.5,won,1.83,29.0,0.0,0.0,-0.6320467219229506,-0.7760435577368519,-0.6263770292967372,0.0,0.0,0.0,-1.057365285027263,-1.1261807448375052,1,0.8300000000000001,0.585263176484918
34,34.5625,RL,34.69892473118279,33.11940298507463,under,34.5,won,1.83,34.0,0.0,0.0,0.0,-0.64039106873566,-1.0617142411045393,0.0,-0.8113044475574895,-0.468056459937813,-0.6816806276591585,1.120551452057974,1,0.8300000000000001,0.4666830052905066
21,29.229559748427672,LFL,28.729166666666668,29.44155844155844,under,31.5,won,1.83,21.0,-1.155716943849221,0.5609560677137821,0.0,-0.7760435577368519,0.0,-0.6263770292967372,-0.468056459937813,0.0,1.7827561319782248,0.4654990225793156,1,0.8300000000000001,0.5302524319159106
34,29.229559748427672,LFL,28.729166666666668,29.44155844155844,under,31.5,lost,1.83,34.0,0.0,0.0,0.0,-0.6320467219229506,0.6655385399034301,-1.0617142411045393,-0.913098065074376,0.5231029362444133,-1.1261807448375052,-1.078880905409381,0,-1.0,0.7137478210295861
36,30.59057971014493,NACL,31.5,29.72340425531915,under,30.5,lost,1.83,36.0,0.5609560677137821,0.0,0.0,1.0984264443831435,0.6655385399034301,0.0,0.5231029362444133,0.0,-1.1261807448375052,-0.6816806276591585,0,-1.0,0.4577571856513769
33,30.59057971014493,NACL,31.32758620689655,30.5,under,33.5,won,1.83,33.0,0.0,-1.155716943849221,1.256750867247696,-0.6320467219229506,0.6655385399034301,1.0853159537389274,0.0,0.0,-0.9659723665617116,0.0,1,0.8300000000000001,0.46970757045977285
33,30.59057971014493,NACL,28.80851063829787,27.07843137254902,under,32.5,lost,1.83,33.0,-0.8659941634725179,0.0,-0.7760435577368519,0.0,0.0,0.0,0.0,0.0,-3.700805908305771,0.0,0,-1.0,0.7961803077883439
21,28.83148148148148,LCK,27.80434782608696,29.335714285714285,under,30.5,won,1.83,21.0,0.0,0.0,-0.7760435577368519,-0.6320467219229506,-1.0617142411045393,0.0,-0.8113044475574895,0.9020397066897204,0.4654990225793156,-1.078880905409381,1,0.8300000000000001,0.6698453289620223
32,28.83148148148148,LCK,27.80434782608696,29.335714285714285,under,30.5,lost,1.83,32.0,0.0,0.5609560677137821,0.0,1.0984264443831435,0.0,0.0,0.0,0.0,-1.1261807448375052,-1.7642883932950577,0,-1.0,0.5861273645460184
27,30.12878787878788,LVP SL,29.692307692307693,31.34090909090909,under,32.5,won,1.83,27.0,-0.8659941634725179,0.0,-1.0332368361565436,-0.6320467219229506,-0.8095983863874423,1.0853159537389274,0.5231029362444133,0.9020397066897204,0.4654990225793156,-0.6816806276591585,1,0.8300000000000001,0.5584130621624757
40,30.12878787878788,LVP SL,29.692307692307693,31.34090909090909,under,32.5,lost,1.83,40.0,0.0,-0.5685724682663711,0.0,-0.64039106873566,0.6655385399034301,-1.1986585288014666,-0.468056459937813,0.7520050888007717,-1.1261807448375052,1.120551452057974,0,-1.0,0.6127297417254012
22,29.229559748427672,LFL,30.516129032258064,29.44155844155844,under,33.5,won,1.83,22.0,0.5609560677137821,0.0,0.0,-0.7760435577368519,0.0,-0.8095983863874423,0.0,0.0,-0.9659723665617116,-1.1261807448375052,1,0.8300000000000001,0.655410661924386
26,29.229559748427672,LFL,30.516129032258064,29.44155844155844,under,33.5,won,1.83,26.0,0.0,0.0,-0.6320467219229506,-1.0332368361565436,-0.6263770292967372,-1.234138311281054,0.0,0.0,1.7827561319782248,1.120551452057974,1,0.8300000000000001,0.5359681909208506
19,33.23076923076923,ROL,30.22641509433962,32.895833333333336,under,31.5,won,1.83,19.0,0.0,0.0,-0.7760435577368519,-0.6320467219229506,-0.8095983863874423,0.0,1.0830233897470125,0.0,-3.700805908305771,-1.1261807448375052,1,0.8300000000000001,0.7422275647215582
20,33.23076923076923,ROL,30.22641509433962,32.895833333333336,under,31.5,won,1.83,20.0,-1.155716943849221,0.0,-1.0332368361565436,1.0984264443831435,-1.1986585288014666,0.0,0.0,0.0,0.0,0.4654990225793156,1,0.8300000000000001,0.5130245233281763
25,29.229559748427672,LFL,29.57943925233645,25.97647058823529,under,30.5,won,1.83,25.0,0.0,0.0,-0.6320467219229506,-0.7760435577368519,-0.8095983863874423,0.6655385399034301,0.0,0.9020397066897204,-0.6816806276591585,-1.078880905409381,1,0.8300000000000001,0.6873543013609821
32,29.229559748427672,LFL,29.57943925233645,25.97647058823529,under,30.5,lost,1.83,32.0,0.5609560677137821,-1.155716943849221,0.0,0.0,0.0,0.0,0.0,0.0,0.4654990225793156,-1.1261807448375052,0,-1.0,0.6143678811754202
20,29.229559748427672,LFL,29.26086956521739,26.232558139534884,under,32.5,won,1.83,20.0,0.0,0.0,1.256750867247696,0.0,0.0,0.6655385399034301,0.0,0.0,-1.078880905409381,-2.2426813296105834,1,0.8300000000000001,0.6033097977634502
23,29.229559748427672,LFL,29.26086956521739,26.232558139534884,under,32.5,won,1.83,23.0,0.0,-1.5721442954792302,-0.7760435577368519,-0.64039106873566,-0.8095983863874423,0.0,0.0,0.0,1.120551452057974,1.7827561319782248,1,0.8300000000000001,0.6045275176212815
31,33.0375,TCL,30.82258064516129,29.928571428571427,over,28.5,won,1.83,31.0,0.0,0.0,-0.6320467219229506,-0.7760435577368519,0.0,0.0,0.0,0.0,1.120551452057974,-1.1261807448375052,1,0.8300000000000001,0.5605910484271169
25,30.59057971014493,NACL,31.32758620689655,31.08888888888889,under,33.5,won,1.83,25.0,0.0,0.0,-1.0332368361565436,-0.6320467219229506,0.0,0.0,0.0,0.5231029362444133,-1.1261807448375052,0.4654990225793156,1,0.8300000000000001,0.5973400235969869
16,27.25563909774436,LCP,27.73684210526316,25.638297872340427,under,26.5,won,1.83,16.0,0.0,0.0,0.0,-0.7760435577368519,0.6655385399034301,-1.0617142411045393,0.0,0.0,-0.9659723665617116,-0.6816806276591585,1,0.8300000000000001,0.7402172539004714
17,27.25563909774436,LCP,27.73684210526316,25.638297872340427,under,26.5,won,1.83,17.0,-1.155716943849221,0.0,-1.0332368361565436,1.0984264443831435,-1.1986585288014666,0.0,0.0,-0.468056459937813,0.0,-1.057365285027263,1,0.8300000000000001,0.708684125314308
25,27.25563909774436,LCP,30.33333333333333,28.52830188679245,under,25.5,won,1.83,25.0,0.0,-1.155716943849221,0.0,-0.7760435577368519,-0.8095983863874423,0.6655385399034301,0.0,0.0,-0.6816806276591585,1.7827561319782248,1,0.8300000000000001,0.5587970583966001
31,27.25563909774436,LCP,30.33333333333333,28.52830188679245,under,25.5,lost,1.83,31.0,0.5609560677137821,0.0,0.0,0.0,0.0,0.0,0.5231029362444133,0.0,0.0,-0.9659723665617116,0,-1.0,0.5186033658377205
25,27.25563909774436,LCP,26.557692307692307,27.753846153846155,under,26.5,won,1.83,25.0,0.0,0.0,-0.7760435577368519,1.256750867247696,0.0,-1.0617142411045393,0.0,0.0,0.4654990225793156,-0.9659723665617116,1,0.8300000000000001,0.627505734827731
31,27.25563909774436,LCP,26.557692307692307,27.753846153846155,under,26.5,lost,1.83,31.0,0.0,0.0,-0.6320467219229506,0.0,0.0,-0.8095983863874423,0.9020397066897204,0.7520050888007717,-1.078880905409381,0.0,0,-1.0,0.6761530560862882
26,28.83148148148148,LCK,29.48958333333333,30.847619047619048,under,31.5,won,1.83,26.0,0.0,0.0,-0.6320467219229506,1.757209358869801,0.0,-1.0617142411045393,-0.8113044475574895,0.5231029362444133,0.0,-0.6816806276591585,1,0.8300000000000001,0.5360812635987018
43,28.83148148148148,LCK,29.48958333333333,30.847619047619048,under,31.5,lost,1.83,43.0,0.5609560677137821,0.0,0.0,-0.7760435577368519,-1.1986585288014666,0.0,0.0,0.0,-2.2426813296105834,0.4654990225793156,0,-1.0,0.6344865113003031
21,31.37037037037037,CD,30.81132075471698,30.115384615384617,under,28.5,won,1.83,21.0,0.0,0.0,0.0,-0.64039106873566,0.0,-0.8095983863874423,0.0,0.0,-1.078880905409381,0.0,1,0.8300000000000001,0.6210954386398242
30,34.5625,RL,34.69892473118279,31.918367346938776,under,34.5,won,1.83,30.0,0.0,0.0,-0.7760435577368519,-0.6320467219229506,-0.6263770292967372,0.6655385399034301,0.5231029362444133,-0.468056459937813,-1.078880905409381,-1.1261807448375052,1,0.8300000000000001,0.5617994680993073
27,34.5625,RL,34.69892473118279,31.918367346938776,under,34.5,won,1.83,27.0,0.0,0.0,0.0,0.0,0.0,0.0,0.0,-1.4462880706363492,-0.9659723665617116,0.4654990225793156,1,0.8300000000000001,0.4594832897768865
40,30.12878787878788,LVP SL,29.692307692307693,32.40909090909091,under,31.5,lost,1.83,40.0,0.0,0.0,0.0,-0.7760435577368519,0.0,1.0853159537389274,0.0,-0.468056459937813,-0.6816806276591585,-1.078880905409381,0,-1.0,0.5453073670721378
38,30.12878787878788,LVP SL,29.692307692307693,32.40909090909091,under,31.5,lost,1.83,38.0,0.5609560677137821,0.0,0.0,0.0,0.6655385399034301,0.0,0.0,0.5231029362444133,-1.842584791571916,0.4654990225793156,0,-1.0,0.5045368715538797
35,33.23076923076923,ROL,31.301369863013697,35.46,under,33.5,lost,1.83,35.0,-1.5721442954792302,0.0,0.0,-0.6320467219229506,0.0,-1.0617142411045393,0.0,-2.378273094861868,0.0,0.0,0,-1.0,0.5960343725090916
34,33.23076923076923,ROL,31.301369863013697,35.46,under,33.5,lost,1.83,34.0,0.0,0.0,0.0,-1.0332368361565436,0.6655385399034301,0.0,0.9020397066897204,0.5231029362444133,-0.6816806276591585,-1.842584791571916,0,-1.0,0.5278088070531454
30,30.07286432160804,LPL,28.48175182481752,31.733766233766232,under,30.5,won,1.83,30.0,0.0,0.5609560677137821,1.256750867247696,1.0984264443831435,0.0,0.0,0.7520050888007717,0.9020397066897204,-1.1261807448375052,-0.6816806276591585,1,0.8300000000000001,0.3895801573052688
35,30.07286432160804,LPL,28.48175182481752,31.733766233766232,under,30.5,lost,1.83,35.0,-1.155716943849221,0.0,0.0,0.0,-0.8095983863874423,0.6655385399034301,0.0,-0.8113044475574895,-0.9659723665617116,0.4654990225793156,0,-1.0,0.5728163334723029
31,33.06190476190476,NLC,34.935483870967744,30.6,under,34.5,won,1.83,31.0,-1.155716943849221,0.0,0.0,-0.7760435577368519,0.0,0.6655385399034301,0.0,-1.4326523672446747,1.7827561319782248,-0.9659723665617116,1,0.8300000000000001,0.44932527294659896
41,33.06190476190476,NLC,34.935483870967744,30.6,under,34.5,lost,1.83,41.0,0.0,0.0,0.8434335133614894,0.0,0.0,0.0,0.0,0.5231029362444133,0.4654990225793156,-1.7642883932950577,0,-1.0,0.4137537826585583
29,30.07286432160804,LPL,35.0,40.01960784313726,over,33.5,lost,1.83,29.0,0.0,0.0,-0.6320467219229506,-0.7760435577368519,0.0,1.2815801036603958,0.0,-0.468056459937813,-1.1261807448375052,-1.057365285027263,0,-1.0,0.4116208934212934
35,30.07286432160804,LPL,33.21212121212121,32.54761904761905,under,35.5,won,1.83,35.0,-1.155716943849221,0.0,0.0,2.691838088918381,0.0,-0.6263770292967372,0.0,-1.2403757694101287,0.4654990225793156,-0.6816806276591585,1,0.8300000000000001,0.37526167852595643
35,36.13903743315508,LJL,32.22950819672131,38.490566037735846,over,33.5,won,1.83,35.0,0.0,-1.155716943849221,1.256750867247696,0.0,0.6655385399034301,0.0,0.0,0.0,1.7827561319782248,-0.6816806276591585,1,0.8300000000000001,0.2656948630851844
30,36.13903743315508,LJL,32.22950819672131,38.490566037735846,over,33.5,lost,1.83,30.0,0.0,0.0,0.0,0.0,0.0,0.0,-0.913098065074376,-0.468056459937813,-1.1261807448375052,0.0,0,-1.0,0.4399664494792973
31,30.07286432160804,LPL,31.208695652173912,31.015748031496063,under,30.5,lost,1.83,31.0,0.5609560677137821,0.0,-0.64039106873566,-0.6320467219229506,-1.1986585288014666,0.0,-1.2403757694101287,0.5231029362444133,0.4654990225793156,-0.6816806276591585,0,-1.0,0.574855133875044
28,30.07286432160804,LPL,31.208695652173912,31.015748031496063,under,30.5,won,1.83,28.0,0.0,-1.5721442954792302,0.0,1.256750867247696,0.6655385399034301,-1.0617142411045393,0.9020397066897204,0.0,1.7827561319782248,0.0,1,0.8300000000000001,0.39596977116660265
33,33.15511551155115,PRM,32.787234042553195,32.65277777777778,under,33.5,won,1.83,33.0,0.5609560677137821,0.0,1.0984264443831435,-0.6320467219229506,1.0853159537389274,0.0,0.0,0.0,-0.6816806276591585,-1.078880905409381,1,0.8300000000000001,0.42787866621147574
34,33.15511551155115,PRM,32.787234042553195,32.65277777777778,under,33.5,lost,1.83,34.0,0.0,0.0,1.256750867247696,-0.7760435577368519,0.0,-1.0617142411045393,-0.913098065074376,-0.8113044475574895,0.4654990225793156,-0.9659723665617116,0,-1.0,0.4993517082000745
41,33.23076923076923,ROL,35.160714285714285,33.214285714285715,under,34.5,lost,1.83,41.0,-0.5685724682663711,0.0,1.0984264443831435,1.256750867247696,-0.8095983863874423,0.6655385399034301,0.0,0.9020397066897204,-0.9659723665617116,1.7827561319782248,0,-1.0,0.24332165472997466
39,33.23076923076923,ROL,35.160714285714285,33.214285714285715,under,34.5,lost,1.83,39.0,0.0,0.0,-0.7760435577368519,0.0,0.0,0.0,0.0,0.0,1.120551452057974,-0.6816806276591585,0,-1.0,0.40013041049121245
17,29.229559748427672,LFL,26.232558139534884,29.57943925233645,under,28.5,won,1.83,17.0,0.0,0.0,-0.7760435577368519,-0.6320467219229506,1.2815801036603958,0.0,0.0,0.0,-2.2426813296105834,1.563734720205872,1,0.8300000000000001,0.666503266810246
26,29.229559748427672,LFL,26.232558139534884,29.57943925233645,under,28.5,won,1.83,26.0,-1.155716943849221,-1.5721442954792302,1.256750867247696,0.0,0.0,0.6655385399034301,-0.468056459937813,0.9020397066897204,0.0,0.4654990225793156,1,0.8300000000000001,0.5552908366970144
26,36.1413612565445,EBL,35.39772727272727,43.66666666666666,over,34.5,lost,1.83,26.0,0.0,0.0,1.256750867247696,-0.6320467219229506,0.6655385399034301,0.0,0.5231029362444133,0.0,-1.1261807448375052,-2.2426813296105834,0,-1.0,0.318679974555821
29,36.1413612565445,EBL,35.39772727272727,43.66666666666666,over,34.5,lost,1.83,29.0,0.0,0.0,0.0,-0.7760435577368519,0.0,1.2815801036603958,-0.8113044475574895,0.0,-0.6816806276591585,-0.9659723665617116,0,-1.0,0.31326174148050795
29,30.07286432160804,LPL,32.26086956521739,38.0,under,34.5,won,1.83,29.0,0.0,0.0,-0.6320467219229506,0.0,-0.6263770292967372,0.0,0.0,-0.8113044475574895,-1.057365285027263,-2.2426813296105834,1,0.8300000000000001,0.563206942699216
23,30.07286432160804,LPL,29.2,36.266666666666666,under,33.5,won,1.83,23.0,0.0,-1.5721442954792302,-0.7760435577368519,0.8434335133614894,0.0,-1.0617142411045393,0.0,0.0,-2.2426813296105834,1.7827561319782248,1,0.8300000000000001,0.5932555405392672
18,28.83148148148148,LCK,34.19230769230769,30.64761904761905,under,33.5,won,1.83,18.0,0.0,0.0,0.0,-0.7760435577368519,-1.0617142411045393,0.0,0.0,0.9020397066897204,0.0,-1.078880905409381,1,0.8300000000000001,0.5291312841182384
61,28.83148148148148,LCK,34.19230769230769,30.64761904761905,under,33.5,lost,1.83,61.0,0.0,-1.5721442954792302,-0.6320467219229506,1.0984264443831435,0.0,0.6655385399034301,0.0,0.0,1.7827561319782248,-2.2426813296105834,0,-1.0,0.4461825392381082
18,27.25563909774436,LCP,26.012048192771083,27.73684210526316,under,26.5,won,1.83,18.0,0.0,-1.155716943849221,1.256750867247696,1.0984264443831435,0.6655385399034301,-0.8095983863874423,0.0,0.0,0.0,1.7827561319782248,1,0.8300000000000001,0.4625499988228414
26,33.0375,TCL,34.9264705882353,30.82258064516129,under,33.5,won,1.83,26.0,0.0,0.0,0.0,0.0,0.0,-0.6263770292967372,0.9020397066897204,0.5231029362444133,1.7827561319782248,0.4654990225793156,1,0.8300000000000001,0.31601234774232806
26,29.229559748427672,LFL,26.232558139534884,28.729166666666668,under,29.5,won,1.83,26.0,0.0,0.0,0.0,0.0,0.6655385399034301,-0.6263770292967372,0.0,0.0,-2.2426813296105834,1.7827561319782248,1,0.8300000000000001,0.6347972630077421
25,29.229559748427672,LFL,26.232558139534884,28.729166666666668,under,29.5,won,1.83,25.0,-1.155716943849221,0.0,-0.6320467219229506,0.0,0.0,0.0,-0.468056459937813,0.5231029362444133,-1.842584791571916,-1.078880905409381,1,0.8300000000000001,0.7757751215459711
30,27.14814814814815,LEC,29.153846153846157,26.5,over,23.5,won,1.83,30.0,0.5609560677137821,0.0,1.0984264443831435,1.256750867247696,0.0,-0.6263770292967372,-0.913098065074376,0.5231029362444133,-1.1261807448375052,-1.078880905409381,1,0.8300000000000001,0.5576000189828423
16,27.14814814814815,LEC,29.153846153846157,26.5,over,23.5,lost,1.83,16.0,0.0,0.0,-0.7760435577368519,0.0,0.0,-1.0617142411045393,0.0,-1.4462880706363492,-0.9659723665617116,-0.6816806276591585,0,-1.0,0.7432346620880116
32,28.83148148148148,LCK,26.92079207920792,30.5,under,29.5,lost,1.83,31.0,0.0,0.5609560677137821,-0.7760435577368519,0.0,0.0,0.6655385399034301,-0.8113044475574895,0.0,0.4654990225793156,-1.1261807448375052,0,-1.0,0.5702867635797377
21,30.07286432160804,LPL,28.48175182481752,31.526946107784436,under,29.5,won,1.83,21.0,0.0,0.5609560677137821,-1.9946898409830425,0.0,-0.8095983863874423,0.6655385399034301,0.5231029362444133,-0.8113044475574895,0.4654990225793156,-0.6816806276591585,1,0.8300000000000001,0.5773004250195637
23,30.07286432160804,LPL,28.48175182481752,31.526946107784436,under,29.5,won,1.83,23.0,0.0,0.0,-0.7760435577368519,0.0,0.0,-1.0617142411045393,0.0,0.0,1.120551452057974,1.7827561319782248,1,0.8300000000000001,0.4720356149824131
20,33.06190476190476,NLC,31.42528735632184,29.694444444444443,under,32.5,won,1.83,20.0,0.0,-1.155716943849221,1.256750867247696,-0.7760435577368519,-0.8095983863874423,0.6655385399034301,0.5231029362444133,-0.468056459937813,-1.078880905409381,0.4654990225793156,1,0.8300000000000001,0.5165523144630071
27,33.06190476190476,NLC,31.42528735632184,29.694444444444443,under,32.5,won,1.83,26.0,0.0,0.0,0.0,1.0984264443831435,0.0,1.0853159537389274,-1.2403757694101287,-0.8113044475574895,-1.1261807448375052,-2.2426813296105834,1,0.8300000000000001,0.5661205635727802
44,36.1413612565445,EBL,31.58620689655172,30.5,under,35.5,to_verify,1.83,,0.5609560677137821,0.0,-0.6320467219229506,-0.7760435577368519,0.0,0.0,-0.913098065074376,0.5231029362444133,-0.6816806276591585,0.0,0,-1.0,0.5838856395118264
27,36.1413612565445,EBL,31.58620689655172,30.5,under,35.5,won,1.83,27.0,0.0,0.0,0.0,0.0,0.0,0.0,0.0,0.0,0.0,-2.845292250621597,1,0.8300000000000001,0.5881493114587153
21,30.07286432160804,LPL,35.0,30.5,under,33.5,won,1.83,21.0,0.0,0.0,-0.7760435577368519,0.0,0.0,1.0853159537389274,-1.2403757694101287,0.0,-1.1261807448375052,0.4654990225793156,1,0.8300000000000001,0.4906855191054863
35,30.07286432160804,LPL,35.0,30.5,under,33.5,lost,1.83,35.0,0.0,0.0,-0.6320467219229506,1.256750867247696,0.0,1.2815801036603958,0.0,0.9020397066897204,1.7827561319782248,-1.057365285027263,0,-1.0,0.27903946443592975
28,28.83148148148148,LCK,28.091603053435115,29.50515463917526,under,28.5,won,1.83,25.0,0.0,0.5609560677137821,-0.7760435577368519,1.256750867247696,0.0,-1.0617142411045393,0.5231029362444133,0.0,1.120551452057974,0.4654990225793156,1,0.8300000000000001,0.44960060265739815
31,29.229559748427672,LFL,29.44155844155844,30.5,under,30.5,lost,1.83,31.0,-0.5685724682663711,0.0,0.0,-0.7760435577368519,0.0,0.0,0.0,-1.4326523672446747,-1.078880905409381,-1.1261807448375052,0,-1.0,0.6848211369568548
28,29.229559748427672,LFL,29.44155844155844,30.5,under,30.5,won,1.83,28.0,0.5609560677137821,0.0,1.256750867247696,-0.6320467219229506,-1.0617142411045393,-0.6263770292967372,0.5231029362444133,0.0,0.4654990225793156,1.7827561319782248,1,0.8300000000000001,0.38018840656947805
38,30.07286432160804,LPL,30.842508710801393,36.266666666666666,under,33.5,pending,1.83,,0.0,0.0,-0.7760435577368519,1.0984264443831435,-0.8095983863874423,0.6655385399034301,0.0,0.0,-0.9659723665617116,0.4654990225793156,0,-1.0,0.3992016162293287
55,30.07286432160804,LPL,30.842508710801393,36.266666666666666,under,33.5,pending,1.83,,2.9751714222517123,0.0,1.256750867247696,0.0,-0.6263770292967372,1.0853159537389274,-0.8113044475574895,-0.913098065074376,-1.1261807448375052,-0.6816806276591585,0,-1.0,0.2862665139291249
12,29.229559748427672,LFL,25.97647058823529,29.155555555555555,under,29.5,won,1.83,12.0,0.0,0.0,-1.9946898409830425,-0.7760435577368519,0.0,-0.8095983863874423,0.5231029362444133,0.9020397066897204,0.4654990225793156,1.7827561319782248,1,0.8300000000000001,0.6485167828212548
27,29.229559748427672,LFL,25.97647058823529,29.155555555555555,under,29.5,won,1.83,26.0,0.0,0.0,-0.6320467219229506,0.0,0.0,0.0,-1.4326523672446747,0.0,0.0,-1.1261807448375052,1,0.8300000000000001,0.6877897850668234
39,30.07286432160804,LPL,39.888888888888886,38.0,under,35.5,lost,1.83,38.0,0.0,3.528201725282017,0.0,0.0,-0.6263770292967372,1.0853159537389274,0.9020397066897204,-1.4326523672446747,0.0,-1.842584791571916,0,-1.0,0.17344911053785883
60,30.07286432160804,LPL,39.888888888888886,38.0,under,35.5,lost,1.83,60.0,-0.5685724682663711,0.0,1.0984264443831435,-1.9946898409830425,0.0,0.0,0.0,1.0830233897470125,-2.2426813296105834,-1.078880905409381,0,-1.0,0.4632588746948415
22,30.59057971014493,NACL,31.5,27.07843137254902,under,32.5,won,1.83,21.0,-0.5685724682663711,-1.155716943849221,-1.0332368361565436,0.0,-1.234138311281054,-0.8095983863874423,-0.468056459937813,-0.8113044475574895,-1.1261807448375052,-0.9659723665617116,1,0.8300000000000001,0.804181378065075
13,30.59057971014493,NACL,31.5,27.07843137254902,under,32.5,won,1.83,13.0,-1.5721442954792302,0.0,0.0,-0.64039106873566,0.0,0.6655385399034301,0.0,0.0,-2.2426813296105834,-0.6816806276591585,1,0.8300000000000001,0.7224524555315507
35,30.07286432160804,LPL,31.015748031496063,31.733766233766232,under,30.5,lost,1.83,34.0,0.5609560677137821,0.0,0.0,-0.7760435577368519,-0.8095983863874423,0.6655385399034301,0.0,-0.913098065074376,0.0,-1.1261807448375052,0,-1.0,0.5215839441348705
38,30.07286432160804,LPL,31.015748031496063,31.733766233766232,under,30.5,lost,1.83,38.0,0.0,-1.155716943849221,1.0984264443831435,0.0,0.0,0.0,0.0,0.5231029362444133,-0.9659723665617116,-0.6816806276591585,0,-1.0,0.5202563484491168
53,28.83148148148148,LCK,30.842508710801393,28.091603053435115,under,31.5,lost,1.83,51.0,0.5609560677137821,0.0,1.256750867247696,0.0,0.0,-1.0617142411045393,0.7520050888007717,0.9020397066897204,-0.6816806276591585,-1.1261807448375052,0,-1.0,0.519633200635653
44,28.83148148148148,LCK,30.842508710801393,28.091603053435115,under,31.5,lost,1.83,44.0,-1.155716943849221,0.0,0.0,1.0984264443831435,0.6655385399034301,0.0,0.0,-1.2403757694101287,0.0,-2.2426813296105834,0,-1.0,0.6016955329725511
28,30.07286432160804,LPL,30.44378698224852,28.48175182481752,under,29.5,won,1.83,25.0,0.0,0.5609560677137821,1.256750867247696,-0.6320467219229506,0.0,0.0,-0.913098065074376,0.0,-1.1261807448375052,-0.6816806276591585,1,0.8300000000000001,0.5643234539532608
28,30.07286432160804,LPL,30.44378698224852,28.48175182481752,under,29.5,won,1.83,28.0,0.0,0.0,0.0,1.0984264443831435,0.6655385399034301,-0.8095983863874423,-0.8113044475574895,0.5231029362444133,-0.9659723665617116,0.4654990225793156,1,0.8300000000000001,0.5330489533881649
35,36.1413612565445,EBL,31.58620689655172,30.5,under,34.5,won,1.83,30.0,0.0,-1.155716943849221,-0.6320467219229506,-0.7760435577368519,-0.8095983863874423,0.0,0.0,-1.4326523672446747,-1.078880905409381,0.0,1,0.8300000000000001,0.6895204178168065
42,36.1413612565445,EBL,31.58620689655172,30.5,under,34.5,lost,1.83,41.0,0.0,0.0,0.0,0.0,0.0,-1.0617142411045393,0.5231029362444133,-0.468056459937813,1.120551452057974,0.4654990225793156,0,-1.0,0.4413033641992454
19,27.14814814814815,LEC,26.27027027027027,25.39,under,22.5,won,1.83,19.0,0.0,0.0,-0.6320467219229506,1.0984264443831435,0.0,-1.0617142411045393,0.5231029362444133,-0.913098065074376,1.7827561319782248,-1.1261807448375052,1,0.8300000000000001,0.6023324188964967
14,27.14814814814815,LEC,26.27027027027027,25.39,under,22.5,won,1.83,14.0,0.0,0.0,0.0,-1.9946898409830425,0.0,1.2815801036603958,0.0,-0.468056459937813,0.0,-1.078880905409381,1,0.8300000000000001,0.7051527553698114
23,27.14814814814815,LEC,29.3,25.46296296296296,under,24.5,won,1.83,23.0,0.0,0.0,-0.7760435577368519,-0.64039106873566,0.0,0.0,0.0,0.5231029362444133,0.4654990225793156,1.7827561319782248,1,0.8300000000000001,0.5558627928867869
32,27.14814814814815,LEC,29.3,25.46296296296296,under,24.5,lost,1.83,31.0,0.5609560677137821,0.0,0.0,0.0,0.0,0.6655385399034301,-0.913098065074376,0.0,-1.1261807448375052,-0.6816806276591585,0,-1.0,0.629026605302711
37,28.83148148148148,LCK,30.842508710801393,30.5,under,32.5,lost,1.83,37.0,0.5609560677137821,0.0,2.398789960576132,0.0,-0.8095983863874423,0.0,0.9020397066897204,0.7520050888007717,-1.078880905409381,1.7827561319782248,0,-1.0,0.28933138530869257
22,28.83148148148148,LCK,30.842508710801393,30.5,under,32.5,won,1.83,22.0,0.0,0.0,0.0,-0.6320467219229506,0.6655385399034301,0.0,-0.913098065074376,-0.8113044475574895,-1.1261807448375052,-0.6816806276591585,1,0.8300000000000001,0.6273769431817292
26,27.14814814814815,LEC,29.153846153846157,26.66304347826087,under,25.5,won,1.83,25.0,0.0,0.5609560677137821,1.256750867247696,-1.9946898409830425,0.0,0.0,0.5231029362444133,0.0,-1.1261807448375052,0.4654990225793156,1,0.8300000000000001,0.5960541363688898
26,27.14814814814815,LEC,29.153846153846157,26.66304347826087,under,25.5,lost,1.83,26.0,0.0,0.0,-0.7760435577368519,0.0,-1.1986585288014666,-1.9393307422504515,-0.8113044475574895,-0.913098065074376,-0.9659723665617116,1.7827561319782248,0,-1.0,0.7287791428671451
32,27.14814814814815,LEC,26.5,30.5,under,25.5,lost,1.83,32.0,2.9751714222517123,0.0,-0.7760435577368519,0.0,1.2815801036603958,-1.0617142411045393,0.9020397066897204,0.7520050888007717,0.4654990225793156,0.0,0,-1.0,0.4310283772028344
21,27.14814814814815,LEC,26.5,30.5,under,25.5,won,1.83,21.0,0.0,0.0,-0.64039106873566,-1.0332368361565436,-0.8095983863874423,-1.1986585288014666,-0.913098065074376,-0.468056459937813,-1.1261807448375052,1.7827561319782248,1,0.8300000000000001,0.7217130071698606
18,33.23076923076923,ROL,30.22641509433962,35.46,under,34.5,won,1.8,16.0,0.0,0.0,1.256750867247696,-0.6320467219229506,-0.8095983863874423,-0.6263770292967372,-0.8113044475574895,0.7520050888007717,-1.078880905409381,-1.057365285027263,1,0.8,0.5401518489733051
25,33.23076923076923,ROL,30.22641509433962,35.46,under,34.5,won,1.8,25.0,-1.5721442954792302,0.0,-0.64039106873566,-1.0332368361565436,0.6655385399034301,-1.234138311281054,0.0,0.0,1.7827561319782248,-0.9659723665617116,1,0.8,0.5823486225727373
31,33.23076923076923,ROL,35.160714285714285,30.5,under,34.5,won,1.83,26.0,-0.8659941634725179,0.0,-1.9946898409830425,-0.7760435577368519,0.0,0.0,-0.8113044475574895,0.0,-0.6816806276591585,1.7827561319782248,1,0.8300000000000001,0.6088304563238289
22,33.0375,TCL,30.842508710801393,34.9264705882353,under,35.5,won,1.83,22.0,0.0,0.0,-0.7760435577368519,0.0,0.6655385399034301,-0.8095983863874423,-0.468056459937813,0.5231029362444133,0.4654990225793156,-0.9659723665617116,1,0.8300000000000001,0.5166824233388139
38,33.0375,TCL,30.842508710801393,33.97560975609756,over,32.5,won,1.83,38.0,0.0,0.0,-0.6320467219229506,-0.7760435577368519,-0.8095983863874423,0.0,0.0,0.0,-0.6816806276591585,0.4654990225793156,1,0.8300000000000001,0.5468916347343424
32,29.229559748427672,LFL,29.155555555555555,29.57943925233645,under,29.5,lost,1.83,30.0,0.0,0.0,1.0984264443831435,1.256750867247696,0.0,-0.8095983863874423,-1.4326523672446747,0.0,-0.6816806276591585,-1.078880905409381,0,-1.0,0.546217376073906
39,29.229559748427672,LFL,29.155555555555555,29.57943925233645,under,29.5,lost,1.83,39.0,0.5609560677137821,0.0,0.8434335133614894,-0.7760435577368519,0.0,-0.6263770292967372,0.5231029362444133,0.0,0.4654990225793156,1.7827561319782248,0,-1.0,0.40886561750174155
28,28.83148148148148,LCK,28.091603053435115,26.92079207920792,under,29.5,won,1.83,28.0,0.0,0.0,1.0984264443831435,1.256750867247696,-1.0617142411045393,0.0,0.5231029362444133,-0.8113044475574895,-1.078880905409381,0.4654990225793156,1,0.8300000000000001,0.4907161006450748
25,28.83148148148148,LCK,28.091603053435115,26.92079207920792,under,29.5,won,1.83,25.0,-1.5721442954792302,0.5609560677137821,-0.7760435577368519,-0.6320467219229506,0.6655385399034301,0.0,-1.2403757694101287,0.9020397066897204,-1.1261807448375052,1.7827561319782248,1,0.8300000000000001,0.6866996988541362
29,32.79136690647482,LIT,34.16326530612245,32.285714285714285,under,33.5,to_verify,1.83,,0.5609560677137821,0.0,1.256750867247696,0.0,0.0,0.6655385399034301,0.0,0.0,-0.6816806276591585,0.4654990225793156,0,-1.0,0.3025686621014058
37,32.79136690647482,LIT,34.16326530612245,32.285714285714285,under,33.5,to_verify,1.83,,3.528201725282017,0.0,1.0984264443831435,0.0,-1.234138311281054,0.0,0.7520050888007717,0.9020397066897204,-1.057365285027263,-1.078880905409381,0,-1.0,0.29138888719527983
40,30.07286432160804,LPL,30.842508710801393,40.01960784313726,under,32.5,to_verify,1.83,,0.0,0.0,-1.9946898409830425,-0.7760435577368519,-0.8095983863874423,0.6655385399034301,0.0,0.0,1.7827561319782248,-2.2426813296105834,0,-1.0,0.4895940211258343
46,30.07286432160804,LPL,30.842508710801393,40.01960784313726,under,32.5,to_verify,1.83,,0.0,0.0,0.0,1.256750867247696,0.0,-0.6263770292967372,0.0,-0.913098065074376,-0.6816806276591585,1.120551452057974,0,-1.0,0.31840276353402663
28,28.83148148148148,LCK,30.842508710801393,29.50515463917526,under,32.5,won,1.83,28.0,0.5609560677137821,0.0,-0.7760435577368519,0.0,0.0,0.0,-0.8113044475574895,0.5231029362444133,0.0,-1.078880905409381,1,0.8300000000000001,0.5796560203957623
30,28.83148148148148,LCK,30.842508710801393,29.50515463917526,under,32.5,won,1.83,30.0,0.0,0.0,1.256750867247696,1.0984264443831435,1.2815801036603958,0.6655385399034301,-0.913098065074376,0.0,-1.1261807448375052,-0.9659723665617116,1,0.8300000000000001,0.4256587870310916
24,30.07286432160804,LPL,32.26086956521739,33.21212121212121,under,34.5,pending,1.83,,0.0,-1.155716943849221,0.0,0.0,1.0853159537389274,0.0,0.5231029362444133,0.0,-1.1261807448375052,1.120551452057974,0,-1.0,0.4537417266051787
30,30.07286432160804,LPL,32.26086956521739,33.21212121212121,under,34.5,pending,1.83,,0.0,-0.8659941634725179,0.0,0.0,0.0,0.0,0.0,0.9020397066897204,-2.2426813296105834,0.4654990225793156,0,-1.0,0.5492177066011761
47,30.07286432160804,LPL,45.0,39.888888888888886,under,35.5,pending,1.83,,0.0,0.0,0.8434335133614894,0.0,1.8913858048840095,1.0853159537389274,0.0,-0.8113044475574895,-0.9659723665617116,-1.078880905409381,0,-1.0,0.17266464574134524
59,30.07286432160804,LPL,45.0,39.888888888888886,under,35.5,pending,1.83,,0.0,0.0,-1.0332368361565436,0.0,0.0,0.0,-1.4326523672446747,0.9020397066897204,0.0,1.7827561319782248,0,-1.0,0.2074329978011839
37,33.06190476190476,NLC,31.42528735632184,30.29824561403509,under,30.5,lost,1.83,37.0,0.0,0.0,-0.7760435577368519,1.256750867247696,1.0853159537389274,0.6655385399034301,-0.913098065074376,0.5231029362444133,-1.1261807448375052,-1.078880905409381,0,-1.0,0.5211442911685388
34,33.06190476190476,NLC,31.42528735632184,30.29824561403509,under,30.5,lost,1.83,34.0,-0.5685724682663711,0.0,-1.9946898409830425,1.0984264443831435,0.0,0.0,0.0,-1.4326523672446747,-0.6816806276591585,-0.9659723665617116,0,-1.0,0.6523433794752694
34,33.0375,TCL,30.842508710801393,30.5,over,29.5,lost,1.83,3.0,-1.155716943849221,3.528201725282017,-0.7760435577368519,1.256750867247696,0.0,0.6655385399034301,0.0,-0.913098065074376,-0.6816806276591585,0.4654990225793156,0,-1.0,0.3484128163148945
19,33.0375,TCL,30.842508710801393,30.5,over,29.5,to_verify,1.83,,-0.8659941634725179,0.0,0.0,0.0,0.0,-0.8095983863874423,0.0,-1.4326523672446747,1.7827561319782248,1.120551452057974,0,-1.0,0.44363617808517153
28,28.83148148148148,LCK,29.50515463917526,26.92079207920792,under,29.5,won,1.83,26.0,0.0,0.0,1.256750867247696,1.0984264443831435,-1.0617142411045393,0.0,0.0,0.5231029362444133,-0.9659723665617116,-1.1261807448375052,1,0.8300000000000001,0.5258482803355244
21,28.83148148148148,LCK,29.50515463917526,26.92079207920792,under,29.5,won,1.83,21.0,0.5609560677137821,0.0,0.0,0.0,0.0,-0.8095983863874423,-1.2403757694101287,-0.8113044475574895,1.7827561319782248,1.120551452057974,1,0.8300000000000001,0.4787718298811867
40,30.07286432160804,LPL,31.015748031496063,27.926470588235293,over,30.5,won,1.83,40.0,0.5609560677137821,0.0,0.0,0.0,0.0,0.0,0.0,0.0,0.4654990225793156,0.0,1,0.8300000000000001,0.46877195113608416
34,30.07286432160804,LPL,31.015748031496063,27.926470588235293,over,30.5,won,1.83,34.0,-1.5721442954792302,0.0,-0.6320467219229506,1.0984264443831435,0.6655385399034301,0.0,0.7520050888007717,-0.8113044475574895,1.120551452057974,1.7827561319782248,1,0.8300000000000001,0.4092834978822627
30,30.07286432160804,LPL,30.842508710801393,32.26086956521739,under,33.5,won,1.83,29.0,0.0,0.0,0.0,-0.6320467219229506,0.0,-0.8095983863874423,-1.4326523672446747,0.5231029362444133,0.4654990225793156,-0.6816806276591585,1,0.8300000000000001,0.5721666091276092
31,30.07286432160804,LPL,30.842508710801393,32.26086956521739,under,33.5,won,1.83,29.0,0.5609560677137821,0.0,0.0,0.0,0.0,0.0,-0.8113044475574895,0.9020397066897204,0.0,1.563734720205872,1,0.8300000000000001,0.3820149944871904
40,30.07286432160804,LPL,37.85714285714285,30.5,under,35.5,lost,1.83,40.0,0.0,0.0,1.256750867247696,-0.7760435577368519,0.0,0.0,0.0,0.5231029362444133,1.7827561319782248,0.4654990225793156,0,-1.0,0.2541240043514984
36,30.07286432160804,LPL,37.85714285714285,30.5,under,35.5,lost,1.83,40.0,0.0,0.0,0.0,0.0,1.0853159537389274,0.0,0.7520050888007717,-1.4326523672446747,0.0,-2.2426813296105834,0,-1.0,0.4526608264824531
50,30.07286432160804,LPL,45.0,30.5,under,38.5,lost,1.83,50.0,2.561535058615348,0.0,1.0984264443831435,-1.0332368361565436,0.0,1.8913858048840095,-1.2403757694101287,-0.8113044475574895,1.120551452057974,0.0,0,-1.0,0.14240899090807038
41,30.07286432160804,LPL,45.0,30.5,under,38.5,lost,1.83,50.0,0.0,-0.5685724682663711,-0.7760435577368519,0.0,0.6655385399034301,0.0,-1.4326523672446747,0.9020397066897204,0.4654990225793156,-1.1261807448375052,0,-1.0,0.39466511523176395
51,28.83148148148148,LCK,30.842508710801393,30.5,under,30.5,lost,1.83,51.0,0.0,0.0,0.0,0.0,0.0,0.0,-0.8113044475574895,0.5231029362444133,-0.6816806276591585,-1.1261807448375052,0,-1.0,0.5804106821702072
25,28.83148148148148,LCK,30.842508710801393,30.5,under,30.5,lost,1.83,51.0,0.5609560677137821,0.0,1.757209358869801,-0.7760435577368519,0.0,1.2815801036603958,0.7520050888007717,0.9020397066897204,0.0,-1.057365285027263,0,-1.0,0.34326993610680934
22,28.83148148148148,LCK,30.842508710801393,30.5,under,31.5,won,1.83,22.0,-1.155716943849221,0.5609560677137821,0.0,0.0,0.0,0.0,0.5231029362444133,-0.8113044475574895,-0.6816806276591585,-1.842584791571916,1,0.8300000000000001,0.6134278382707453
33,28.83148148148148,LCK,30.842508710801393,30.5,under,31.5,won,1.83,22.0,0.0,0.0,-1.9946898409830425,0.0,0.6655385399034301,0.0,0.0,0.0,0.0,-1.1261807448375052,1,0.8300000000000001,0.6341100094786875
32,28.83148148148148,LCK,30.842508710801393,30.5,under,30.5,lost,1.83,32.0,0.0,0.0,0.0,-0.7760435577368519,0.0,-1.0617142411045393,-0.913098065074376,0.5231029362444133,-1.1261807448375052,0.0,0,-1.0,0.6546202021874432
55,28.83148148148148,LCK,30.842508710801393,30.5,under,30.5,lost,1.83,32.0,0.5609560677137821,0.0,1.0984264443831435,0.0,0.0,0.0,-1.2403757694101287,-0.8113044475574895,-2.2426813296105834,-0.6816806276591585,0,-1.0,0.5835307034569107
36,36.1413612565445,EBL,30.842508710801393,30.5,under,41.5,won,1.8,35.0,0.0,0.0,1.256750867247696,-0.7760435577368519,0.0,0.6655385399034301,0.0,0.5231029362444133,0.4654990225793156,-0.6816806276591585,1,0.8,0.4128500348768121
41,36.1413612565445,EBL,30.842508710801393,30.5,under,41.5,won,1.8,35.0,0.0,-0.5685724682663711,1.0984264443831435,0.0,0.0,0.0,0.7520050888007717,-0.8113044475574895,1.7827561319782248,0.0,1,0.8,0.34371002611673124
17,29.229559748427672,LFL,28.27142857142857,29.155555555555555,under,31.5,won,1.83,17.0,0.5609560677137821,0.0,1.0984264443831435,-0.6320467219229506,0.0,0.0,0.0,0.0,0.4654990225793156,-1.1261807448375052,1,0.8300000000000001,0.5047999727298972
22,29.229559748427672,LFL,28.27142857142857,29.155555555555555,under,31.5,won,1.83,22.0,0.0,-0.5685724682663711,0.0,-1.9946898409830425,0.0,0.6655385399034301,0.7520050888007717,-0.8113044475574895,0.0,1.7827561319782248,1,0.8300000000000001,0.5585813440001406
15,36.1413612565445,EBL,31.58620689655172,35.189655172413794,under,33.5,won,1.83,14.0,0.0,0.0,0.0,-0.7760435577368519,0.0,0.0,0.0,0.5231029362444133,-1.1261807448375052,-0.6816806276591585,1,0.8300000000000001,0.527912726739275
24,36.1413612565445,EBL,31.58620689655172,35.189655172413794,under,33.5,won,1.83,22.0,0.0,0.0,0.0,-1.0332368361565436,-0.8095983863874423,-1.1986585288014666,-1.2403757694101287,0.0,-3.700805908305771,0.4654990225793156,1,0.8300000000000001,0.732125240779054
22,30.07286432160804,LPL,40.01960784313726,33.21212121212121,under,35.5,won,1.83,22.0,-1.155716943849221,0.0,0.0,-0.6320467219229506,0.0,0.0,0.0,0.0,0.4654990225793156,-0.6816806276591585,1,0.8300000000000001,0.4044527240283391
26,30.07286432160804,LPL,40.01960784313726,33.21212121212121,under,35.5,won,1.83,26.0,0.0,0.5609560677137821,0.0,-0.7760435577368519,0.0,1.0853159537389274,0.0,-0.468056459937813,-1.078880905409381,-1.1261807448375052,1,0.8300000000000001,0.38637434790798225
30,30.59057971014493,NACL,31.32758620689655,27.07843137254902,under,28.5,lost,1.83,30.0,0.5609560677137821,0.0,0.0,-1.9946898409830425,0.0,0.0,-0.468056459937813,0.5231029362444133,-1.1261807448375052,-1.7642883932950577,0,-1.0,0.7315616438044009
22,30.59057971014493,NACL,31.32758620689655,27.07843137254902,under,28.5,won,1.83,22.0,0.0,0.0,-0.64039106873566,0.0,-0.8095983863874423,0.0,0.0,0.0,1.7827561319782248,0.4654990225793156,1,0.8300000000000001,0.467625030298281
30,36.1413612565445,EBL,30.842508710801393,35.189655172413794,under,37.5,won,1.83,30.0,0.0,0.5609560677137821,0.0,-0.6320467219229506,0.0,0.0,0.5231029362444133,0.0,1.120551452057974,-1.1261807448375052,1,0.8300000000000001,0.39863147394808596
36,28.83148148148148,LCK,29.76068376068376,28.091603053435115,under,29.5,lost,1.83,32.0,0.0,0.5609560677137821,1.256750867247696,1.0984264443831435,1.2815801036603958,0.0,0.5231029362444133,-0.468056459937813,0.0,-1.057365285027263,0,-1.0,0.3816757072635627
29,28.83148148148148,LCK,29.76068376068376,28.091603053435115,under,29.5,won,1.83,29.0,-1.5721442954792302,0.0,0.0,0.0,-1.0617142411045393,0.0,-0.8113044475574895,-1.2403757694101287,-0.6816806276591585,-1.1261807448375052,1,0.8300000000000001,0.7273278125946051
22,30.07286432160804,LPL,30.44378698224852,28.474074074074075,over,29.5,lost,1.83,22.0,0.0,0.0,-1.9946898409830425,-0.7760435577368519,0.0,0.6655385399034301,-0.8113044475574895,0.0,-2.2426813296105834,1.120551452057974,0,-1.0,0.725791555842795
32,30.07286432160804,LPL,30.44378698224852,28.474074074074075,over,29.5,won,1.83,32.0,-0.5685724682663711,0.0,0.0,1.757209358869801,-1.0617142411045393,0.0,-0.913098065074376,0.0,-1.1261807448375052,-0.6816806276591585,1,0.8300000000000001,0.5775913257700429
32,27.14814814814815,LEC,26.66304347826087,28.75675675675676,under,25.5,lost,1.83,31.0,0.0,0.0,0.0,-0.7760435577368519,0.0,0.0,-0.913098065074376,-0.8113044475574895,-1.1261807448375052,0.4654990225793156,0,-1.0,0.6802268959984413
30,27.14814814814815,LEC,26.66304347826087,28.75675675675676,under,25.5,lost,1.83,30.0,0.0,0.0,1.256750867247696,0.0,-1.1986585288014666,-1.234138311281054,0.0,0.0,-0.6816806276591585,0.0,0,-1.0,0.6122040358864203
24,28.83148148148148,LCK,29.335714285714285,28.091603053435115,over,28.5,lost,1.83,24.0,0.0,0.0,1.256750867247696,1.0984264443831435,0.0,0.0,0.9020397066897204,-0.468056459937813,0.0,-1.078880905409381,0,-1.0,0.4263903441502491
25,28.83148148148148,LCK,29.335714285714285,28.091603053435115,over,28.5,lost,1.83,25.0,0.0,-1.155716943849221,-0.7760435577368519,0.0,0.0,-1.9393307422504515,0.5231029362444133,0.0,0.4654990225793156,-0.6816806276591585,0,-1.0,0.7136786454048876
25,29.229559748427672,LFL,25.97647058823529,28.27142857142857,under,29.5,pending,1.83,,0.5609560677137821,0.0,1.0984264443831435,1.256750867247696,-1.0617142411045393,0.0,-0.913098065074376,0.5231029362444133,-1.1261807448375052,0.4654990225793156,0,-1.0,0.5020600549714868
32,29.229559748427672,LFL,25.97647058823529,28.27142857142857,under,29.5,pending,1.83,,0.0,-1.5721442954792302,-0.7760435577368519,0.0,1.0853159537389274,0.0,0.0,0.0,-0.9659723665617116,-0.6816806276591585,0,-1.0,0.7396713378797825
